id;Length;l_amps;n_amps;OSNRPOGGIO;OSNRPOGGIOEPSILON;OSNRCONSTRAINT
1;80;1;2;26.11;26.11;26.11
2;160;2;2;25.393;25.393;25.397
3;240;3;2;24.778;24.777;24.784
4;320;4;2;24.237;24.237;24.248
5;400;5;2;23.757;23.756;23.771
6;480;6;2;23.323;23.323;23.34
7;560;7;2;22.929;22.929;22.949
8;640;8;2;22.567;22.567;22.59
9;720;9;2;22.233;22.233;22.259
10;800;10;2;21.923;21.923;21.951
11;880;11;2;21.633;21.634;21.663
12;960;12;2;21.361;21.362;21.393
13;1040;13;2;21.106;21.106;21.139
14;1120;14;2;20.864;20.865;20.899
15;1200;15;2;20.635;20.636;20.672
16;1280;16;2;20.417;20.418;20.456
17;1360;17;2;20.21;20.211;20.25
18;1440;18;2;20.012;20.013;20.054
19;1520;19;2;19.823;19.824;19.866
20;1600;20;2;19.641;19.643;19.685
21;1680;21;2;19.467;19.469;19.512
22;1760;22;2;19.3;19.301;19.346
23;1840;23;2;19.138;19.14;19.186
24;1920;24;2;18.983;18.984;19.031
25;2000;25;2;18.832;18.834;18.882
26;2080;26;2;18.687;18.689;18.738
27;2160;27;2;18.547;18.548;18.598
28;2240;28;2;18.41;18.412;18.463
29;2320;29;2;18.278;18.28;18.332
30;2400;30;2;18.15;18.152;18.204
31;2480;31;2;18.026;18.028;18.081
32;2560;32;2;17.905;17.907;17.96
33;2640;33;2;17.787;17.789;17.843
34;2720;34;2;17.672;17.674;17.729
35;2800;35;2;17.56;17.563;17.618
36;2880;36;2;17.451;17.454;17.51
37;2960;37;2;17.345;17.347;17.404
38;3040;38;2;17.241;17.244;17.301
39;3120;39;2;17.14;17.142;17.2
40;3200;40;2;17.041;17.043;17.102
41;3280;41;2;16.944;16.946;17.006
42;3360;42;2;16.849;16.852;16.911
43;3440;43;2;16.756;16.759;16.819
44;3520;44;2;16.665;16.668;16.729
45;3600;45;2;16.576;16.579;16.64
46;3680;46;2;16.489;16.492;16.554
47;3760;47;2;16.404;16.406;16.469
48;3840;48;2;16.32;16.323;16.385
49;3920;49;2;16.237;16.24;16.304
50;4000;50;2;16.157;16.16;16.223
51;160;2;3;24.098;24.098;24.098
52;240;3;3;23.634;23.633;23.636
53;320;4;3;23.214;23.214;23.218
54;400;5;3;22.831;22.831;22.837
55;480;6;3;22.479;22.478;22.487
56;560;7;3;22.153;22.152;22.163
57;640;8;3;21.849;21.849;21.861
58;720;9;3;21.565;21.565;21.58
59;800;10;3;21.299;21.298;21.315
60;880;11;3;21.048;21.047;21.065
61;960;12;3;20.81;20.81;20.829
62;1040;13;3;20.585;20.584;20.605
63;1120;14;3;20.37;20.37;20.393
64;1200;15;3;20.166;20.166;20.19
65;1280;16;3;19.971;19.971;19.996
66;1360;17;3;19.784;19.784;19.81
67;1440;18;3;19.605;19.605;19.632
68;1520;19;3;19.433;19.433;19.461
69;1600;20;3;19.267;19.267;19.297
70;1680;21;3;19.107;19.108;19.138
71;1760;22;3;18.953;18.954;18.986
72;1840;23;3;18.805;18.805;18.838
73;1920;24;3;18.661;18.661;18.695
74;2000;25;3;18.522;18.522;18.557
75;2080;26;3;18.387;18.387;18.423
76;2160;27;3;18.256;18.257;18.293
77;2240;28;3;18.129;18.13;18.166
78;2320;29;3;18.005;18.006;18.044
79;2400;30;3;17.885;17.886;17.925
80;2480;31;3;17.768;17.769;17.808
81;2560;32;3;17.654;17.655;17.695
82;2640;33;3;17.544;17.545;17.585
83;2720;34;3;17.435;17.436;17.478
84;2800;35;3;17.33;17.331;17.373
85;2880;36;3;17.227;17.228;17.27
86;2960;37;3;17.126;17.127;17.17
87;3040;38;3;17.028;17.029;17.072
88;3120;39;3;16.931;16.933;16.977
89;3200;40;3;16.837;16.838;16.883
90;3280;41;3;16.745;16.746;16.792
91;3360;42;3;16.655;16.656;16.702
92;3440;43;3;16.566;16.568;16.614
93;3520;44;3;16.479;16.481;16.528
94;3600;45;3;16.394;16.396;16.443
95;3680;46;3;16.311;16.313;16.361
96;3760;47;3;16.229;16.231;16.279
97;3840;48;3;16.149;16.15;16.199
98;3920;49;3;16.07;16.072;16.121
99;4000;50;3;15.992;15.994;16.044
100;240;3;4;22.728;22.728;22.728
101;320;4;4;22.385;22.385;22.386
102;400;5;4;22.067;22.066;22.069
103;480;6;4;21.77;21.77;21.774
104;560;7;4;21.492;21.491;21.498
105;640;8;4;21.23;21.23;21.238
106;720;9;4;20.984;20.983;20.992
107;800;10;4;20.75;20.749;20.76
108;880;11;4;20.528;20.528;20.54
109;960;12;4;20.317;20.317;20.33
110;1040;13;4;20.116;20.115;20.13
111;1120;14;4;19.923;19.923;19.939
112;1200;15;4;19.739;19.739;19.756
113;1280;16;4;19.562;19.562;19.58
114;1360;17;4;19.392;19.392;19.411
115;1440;18;4;19.228;19.228;19.248
116;1520;19;4;19.07;19.07;19.092
117;1600;20;4;18.918;18.918;18.94
118;1680;21;4;18.771;18.771;18.794
119;1760;22;4;18.629;18.628;18.653
120;1840;23;4;18.491;18.491;18.516
121;1920;24;4;18.357;18.357;18.383
122;2000;25;4;18.227;18.227;18.254
123;2080;26;4;18.101;18.101;18.129
124;2160;27;4;17.979;17.979;18.007
125;2240;28;4;17.86;17.86;17.889
126;2320;29;4;17.744;17.744;17.774
127;2400;30;4;17.631;17.631;17.662
128;2480;31;4;17.521;17.521;17.552
129;2560;32;4;17.413;17.414;17.446
130;2640;33;4;17.309;17.309;17.341
131;2720;34;4;17.206;17.207;17.24
132;2800;35;4;17.106;17.107;17.14
133;2880;36;4;17.008;17.009;17.043
134;2960;37;4;16.913;16.913;16.948
135;3040;38;4;16.819;16.82;16.855
136;3120;39;4;16.727;16.728;16.764
137;3200;40;4;16.638;16.638;16.675
138;3280;41;4;16.55;16.551;16.588
139;3360;42;4;16.464;16.464;16.502
140;3440;43;4;16.379;16.38;16.418
141;3520;44;4;16.296;16.297;16.336
142;3600;45;4;16.215;16.216;16.255
143;3680;46;4;16.135;16.136;16.175
144;3760;47;4;16.056;16.057;16.098
145;3840;48;4;15.979;15.98;16.021
146;3920;49;4;15.904;15.905;15.946
147;4000;50;4;15.829;15.83;15.872
148;320;4;5;21.689;21.689;21.689
149;400;5;5;21.416;21.416;21.417
150;480;6;5;21.16;21.159;21.162
151;560;7;5;20.917;20.917;20.921
152;640;8;5;20.688;20.688;20.692
153;720;9;5;20.47;20.469;20.475
154;800;10;5;20.262;20.261;20.269
155;880;11;5;20.063;20.063;20.071
156;960;12;5;19.874;19.873;19.883
157;1040;13;5;19.692;19.691;19.702
158;1120;14;5;19.517;19.516;19.528
159;1200;15;5;19.349;19.348;19.361
160;1280;16;5;19.187;19.187;19.2
161;1360;17;5;19.031;19.03;19.045
162;1440;18;5;18.88;18.88;18.895
163;1520;19;5;18.735;18.734;18.751
164;1600;20;5;18.594;18.593;18.611
165;1680;21;5;18.457;18.457;18.475
166;1760;22;5;18.325;18.324;18.344
167;1840;23;5;18.196;18.196;18.216
168;1920;24;5;18.071;18.071;18.092
169;2000;25;5;17.95;17.95;17.971
170;2080;26;5;17.832;17.831;17.854
171;2160;27;5;17.717;17.717;17.74
172;2240;28;5;17.605;17.605;17.628
173;2320;29;5;17.495;17.495;17.52
174;2400;30;5;17.389;17.389;17.414
175;2480;31;5;17.285;17.285;17.31
176;2560;32;5;17.183;17.183;17.209
177;2640;33;5;17.084;17.084;17.111
178;2720;34;5;16.987;16.987;17.014
179;2800;35;5;16.892;16.892;16.92
180;2880;36;5;16.799;16.799;16.828
181;2960;37;5;16.708;16.708;16.737
182;3040;38;5;16.618;16.619;16.648
183;3120;39;5;16.531;16.531;16.562
184;3200;40;5;16.445;16.446;16.477
185;3280;41;5;16.361;16.362;16.393
186;3360;42;5;16.279;16.279;16.311
187;3440;43;5;16.198;16.198;16.231
188;3520;44;5;16.118;16.119;16.152
189;3600;45;5;16.04;16.041;16.074
190;3680;46;5;15.964;15.964;15.998
191;3760;47;5;15.888;15.889;15.923
192;3840;48;5;15.814;15.815;15.85
193;3920;49;5;15.741;15.742;15.777
194;4000;50;5;15.67;15.67;15.706
195;400;5;6;20.85;20.85;20.85
196;480;6;6;20.624;20.624;20.625
197;560;7;6;20.41;20.409;20.412
198;640;8;6;20.205;20.205;20.208
199;720;9;6;20.01;20.009;20.013
200;800;10;6;19.823;19.822;19.827
201;880;11;6;19.643;19.642;19.648
202;960;12;6;19.47;19.47;19.477
203;1040;13;6;19.304;19.304;19.312
204;1120;14;6;19.144;19.144;19.153
205;1200;15;6;18.99;18.99;18.999
206;1280;16;6;18.841;18.841;18.851
207;1360;17;6;18.697;18.696;18.708
208;1440;18;6;18.557;18.557;18.569
209;1520;19;6;18.422;18.422;18.435
210;1600;20;6;18.291;18.29;18.304
211;1680;21;6;18.164;18.163;18.178
212;1760;22;6;18.04;18.039;18.055
213;1840;23;6;17.919;17.919;17.935
214;1920;24;6;17.802;17.802;17.819
215;2000;25;6;17.688;17.688;17.706
216;2080;26;6;17.577;17.577;17.595
217;2160;27;6;17.469;17.468;17.487
218;2240;28;6;17.363;17.362;17.382
219;2320;29;6;17.259;17.259;17.28
220;2400;30;6;17.159;17.158;17.179
221;2480;31;6;17.06;17.06;17.081
222;2560;32;6;16.963;16.963;16.986
223;2640;33;6;16.869;16.869;16.892
224;2720;34;6;16.777;16.776;16.8
225;2800;35;6;16.686;16.686;16.71
226;2880;36;6;16.598;16.597;16.622
227;2960;37;6;16.511;16.511;16.536
228;3040;38;6;16.425;16.425;16.451
229;3120;39;6;16.342;16.342;16.368
230;3200;40;6;16.26;16.26;16.287
231;3280;41;6;16.179;16.179;16.207
232;3360;42;6;16.1;16.1;16.128
233;3440;43;6;16.023;16.023;16.051
234;3520;44;6;15.946;15.947;15.975
235;3600;45;6;15.872;15.872;15.901
236;3680;46;6;15.798;15.798;15.828
237;3760;47;6;15.725;15.726;15.756
238;3840;48;6;15.654;15.654;15.685
239;3920;49;6;15.584;15.584;15.615
240;4000;50;6;15.515;15.515;15.546
241;480;6;7;20.148;20.148;20.148
242;560;7;7;19.955;19.955;19.956
243;640;8;7;19.77;19.77;19.772
244;720;9;7;19.593;19.593;19.596
245;800;10;7;19.423;19.423;19.426
246;880;11;7;19.259;19.259;19.263
247;960;12;7;19.101;19.101;19.106
248;1040;13;7;18.949;18.948;18.954
249;1120;14;7;18.801;18.8;18.807
250;1200;15;7;18.658;18.658;18.665
251;1280;16;7;18.52;18.52;18.528
252;1360;17;7;18.386;18.386;18.395
253;1440;18;7;18.257;18.256;18.266
254;1520;19;7;18.13;18.13;18.14
255;1600;20;7;18.008;18.007;18.018
256;1680;21;7;17.888;17.888;17.9
257;1760;22;7;17.772;17.771;17.784
258;1840;23;7;17.659;17.658;17.672
259;1920;24;7;17.549;17.548;17.562
260;2000;25;7;17.441;17.44;17.455
261;2080;26;7;17.336;17.335;17.351
262;2160;27;7;17.233;17.233;17.249
263;2240;28;7;17.133;17.133;17.149
264;2320;29;7;17.035;17.035;17.052
265;2400;30;7;16.939;16.939;16.957
266;2480;31;7;16.846;16.845;16.864
267;2560;32;7;16.754;16.753;16.773
268;2640;33;7;16.664;16.664;16.683
269;2720;34;7;16.576;16.575;16.596
270;2800;35;7;16.489;16.489;16.51
271;2880;36;7;16.405;16.405;16.426
272;2960;37;7;16.322;16.321;16.343
273;3040;38;7;16.24;16.24;16.262
274;3120;39;7;16.16;16.16;16.183
275;3200;40;7;16.082;16.081;16.105
276;3280;41;7;16.004;16.004;16.028
277;3360;42;7;15.928;15.928;15.953
278;3440;43;7;15.854;15.854;15.878
279;3520;44;7;15.781;15.78;15.806
280;3600;45;7;15.708;15.708;15.734
281;3680;46;7;15.637;15.637;15.663
282;3760;47;7;15.568;15.568;15.594
283;3840;48;7;15.499;15.499;15.526
284;3920;49;7;15.431;15.431;15.459
285;4000;50;7;15.365;15.365;15.392
286;560;7;8;19.544;19.544;19.544
287;640;8;8;19.375;19.375;19.376
288;720;9;8;19.213;19.213;19.215
289;800;10;8;19.057;19.057;19.059
290;880;11;8;18.906;18.906;18.909
291;960;12;8;18.76;18.76;18.764
292;1040;13;8;18.619;18.619;18.623
293;1120;14;8;18.483;18.482;18.487
294;1200;15;8;18.35;18.35;18.355
295;1280;16;8;18.221;18.221;18.227
296;1360;17;8;18.096;18.096;18.103
297;1440;18;8;17.975;17.974;17.982
298;1520;19;8;17.856;17.856;17.864
299;1600;20;8;17.741;17.741;17.75
300;1680;21;8;17.629;17.628;17.638
301;1760;22;8;17.52;17.519;17.53
302;1840;23;8;17.413;17.412;17.423
303;1920;24;8;17.308;17.308;17.32
304;2000;25;8;17.207;17.206;17.219
305;2080;26;8;17.107;17.107;17.12
306;2160;27;8;17.01;17.009;17.023
307;2240;28;8;16.915;16.914;16.929
308;2320;29;8;16.822;16.821;16.836
309;2400;30;8;16.73;16.73;16.745
310;2480;31;8;16.641;16.641;16.657
311;2560;32;8;16.553;16.553;16.57
312;2640;33;8;16.468;16.467;16.484
313;2720;34;8;16.384;16.383;16.401
314;2800;35;8;16.301;16.3;16.319
315;2880;36;8;16.22;16.219;16.238
316;2960;37;8;16.14;16.14;16.159
317;3040;38;8;16.062;16.062;16.081
318;3120;39;8;15.985;15.985;16.005
319;3200;40;8;15.91;15.909;15.93
320;3280;41;8;15.836;15.835;15.856
321;3360;42;8;15.763;15.762;15.784
322;3440;43;8;15.691;15.691;15.713
323;3520;44;8;15.62;15.62;15.642
324;3600;45;8;15.551;15.551;15.573
325;3680;46;8;15.482;15.482;15.505
326;3760;47;8;15.415;15.415;15.439
327;3840;48;8;15.349;15.349;15.373
328;3920;49;8;15.284;15.283;15.308
329;4000;50;8;15.219;15.219;15.244
330;640;8;9;19.013;19.013;19.013
331;720;9;9;18.864;18.864;18.865
332;800;10;9;18.719;18.719;18.721
333;880;11;9;18.58;18.58;18.582
334;960;12;9;18.444;18.444;18.447
335;1040;13;9;18.313;18.313;18.316
336;1120;14;9;18.186;18.185;18.189
337;1200;15;9;18.062;18.061;18.066
338;1280;16;9;17.942;17.941;17.946
339;1360;17;9;17.824;17.824;17.829
340;1440;18;9;17.71;17.709;17.716
341;1520;19;9;17.599;17.598;17.605
342;1600;20;9;17.49;17.489;17.497
343;1680;21;9;17.384;17.383;17.392
344;1760;22;9;17.281;17.28;17.289
345;1840;23;9;17.18;17.179;17.188
346;1920;24;9;17.081;17.08;17.09
347;2000;25;9;16.984;16.984;16.994
348;2080;26;9;16.89;16.889;16.9
349;2160;27;9;16.797;16.797;16.808
350;2240;28;9;16.706;16.706;16.718
351;2320;29;9;16.618;16.617;16.63
352;2400;30;9;16.531;16.53;16.544
353;2480;31;9;16.445;16.445;16.459
354;2560;32;9;16.362;16.361;16.376
355;2640;33;9;16.28;16.279;16.294
356;2720;34;9;16.199;16.199;16.214
357;2800;35;9;16.12;16.119;16.135
358;2880;36;9;16.042;16.042;16.058
359;2960;37;9;15.966;15.965;15.982
360;3040;38;9;15.891;15.89;15.908
361;3120;39;9;15.817;15.816;15.834
362;3200;40;9;15.744;15.744;15.762
363;3280;41;9;15.673;15.673;15.691
364;3360;42;9;15.603;15.602;15.621
365;3440;43;9;15.534;15.533;15.553
366;3520;44;9;15.465;15.465;15.485
367;3600;45;9;15.398;15.398;15.418
368;3680;46;9;15.332;15.332;15.353
369;3760;47;9;15.267;15.267;15.288
370;3840;48;9;15.203;15.203;15.225
371;3920;49;9;15.14;15.14;15.162
372;4000;50;9;15.078;15.078;15.1
373;720;9;10;18.54;18.54;18.54
374;800;10;10;18.406;18.406;18.407
375;880;11;10;18.276;18.276;18.277
376;960;12;10;18.15;18.15;18.152
377;1040;13;10;18.027;18.027;18.029
378;1120;14;10;17.908;17.907;17.91
379;1200;15;10;17.791;17.791;17.795
380;1280;16;10;17.678;17.678;17.682
381;1360;17;10;17.568;17.567;17.572
382;1440;18;10;17.46;17.46;17.465
383;1520;19;10;17.355;17.355;17.36
384;1600;20;10;17.252;17.252;17.258
385;1680;21;10;17.152;17.152;17.158
386;1760;22;10;17.054;17.053;17.061
387;1840;23;10;16.958;16.957;16.966
388;1920;24;10;16.864;16.864;16.872
389;2000;25;10;16.772;16.772;16.781
390;2080;26;10;16.682;16.682;16.691
391;2160;27;10;16.594;16.594;16.604
392;2240;28;10;16.508;16.507;16.518
393;2320;29;10;16.423;16.422;16.433
394;2400;30;10;16.34;16.339;16.351
395;2480;31;10;16.258;16.257;16.27
396;2560;32;10;16.178;16.177;16.19
397;2640;33;10;16.099;16.099;16.112
398;2720;34;10;16.022;16.021;16.035
399;2800;35;10;15.946;15.945;15.959
400;2880;36;10;15.871;15.871;15.885
401;2960;37;10;15.798;15.797;15.812
402;3040;38;10;15.726;15.725;15.74
403;3120;39;10;15.655;15.654;15.67
404;3200;40;10;15.585;15.584;15.6
405;3280;41;10;15.516;15.515;15.532
406;3360;42;10;15.448;15.448;15.465
407;3440;43;10;15.382;15.381;15.398
408;3520;44;10;15.316;15.315;15.333
409;3600;45;10;15.251;15.251;15.269
410;3680;46;10;15.187;15.187;15.206
411;3760;47;10;15.124;15.124;15.143
412;3840;48;10;15.062;15.062;15.081
413;3920;49;10;15.001;15.001;15.021
414;4000;50;10;14.941;14.941;14.961
415;800;10;11;18.114;18.114;18.114
416;880;11;11;17.992;17.992;17.993
417;960;12;11;17.874;17.874;17.875
418;1040;13;11;17.759;17.758;17.76
419;1120;14;11;17.646;17.646;17.648
420;1200;15;11;17.537;17.537;17.539
421;1280;16;11;17.43;17.43;17.433
422;1360;17;11;17.326;17.325;17.329
423;1440;18;11;17.224;17.224;17.228
424;1520;19;11;17.124;17.124;17.129
425;1600;20;11;17.027;17.027;17.032
426;1680;21;11;16.932;16.931;16.937
427;1760;22;11;16.839;16.838;16.844
428;1840;23;11;16.747;16.747;16.754
429;1920;24;11;16.658;16.657;16.665
430;2000;25;11;16.57;16.57;16.577
431;2080;26;11;16.484;16.484;16.492
432;2160;27;11;16.4;16.399;16.408
433;2240;28;11;16.317;16.317;16.326
434;2320;29;11;16.236;16.236;16.245
435;2400;30;11;16.157;16.156;16.166
436;2480;31;11;16.078;16.078;16.088
437;2560;32;11;16.001;16.001;16.012
438;2640;33;11;15.926;15.925;15.937
439;2720;34;11;15.852;15.851;15.863
440;2800;35;11;15.779;15.778;15.79
441;2880;36;11;15.707;15.706;15.719
442;2960;37;11;15.636;15.635;15.649
443;3040;38;11;15.567;15.566;15.58
444;3120;39;11;15.498;15.497;15.512
445;3200;40;11;15.431;15.43;15.445
446;3280;41;11;15.364;15.364;15.379
447;3360;42;11;15.299;15.298;15.314
448;3440;43;11;15.234;15.234;15.25
449;3520;44;11;15.171;15.17;15.187
450;3600;45;11;15.108;15.108;15.124
451;3680;46;11;15.047;15.046;15.063
452;3760;47;11;14.986;14.985;15.003
453;3840;48;11;14.926;14.925;14.943
454;3920;49;11;14.867;14.866;14.884
455;4000;50;11;14.808;14.808;14.826
456;880;11;12;17.726;17.726;17.726
457;960;12;12;17.615;17.615;17.615
458;1040;13;12;17.506;17.506;17.507
459;1120;14;12;17.4;17.4;17.401
460;1200;15;12;17.296;17.296;17.298
461;1280;16;12;17.195;17.195;17.198
462;1360;17;12;17.096;17.096;17.099
463;1440;18;12;17.0;16.999;17.003
464;1520;19;12;16.905;16.905;16.909
465;1600;20;12;16.813;16.812;16.817
466;1680;21;12;16.722;16.722;16.726
467;1760;22;12;16.633;16.633;16.638
468;1840;23;12;16.546;16.546;16.551
469;1920;24;12;16.461;16.46;16.466
470;2000;25;12;16.377;16.376;16.383
471;2080;26;12;16.295;16.294;16.301
472;2160;27;12;16.214;16.214;16.221
473;2240;28;12;16.135;16.134;16.142
474;2320;29;12;16.057;16.056;16.065
475;2400;30;12;15.981;15.98;15.989
476;2480;31;12;15.906;15.905;15.914
477;2560;32;12;15.832;15.831;15.841
478;2640;33;12;15.759;15.759;15.769
479;2720;34;12;15.688;15.687;15.698
480;2800;35;12;15.617;15.617;15.628
481;2880;36;12;15.548;15.547;15.559
482;2960;37;12;15.48;15.479;15.491
483;3040;38;12;15.413;15.412;15.425
484;3120;39;12;15.347;15.346;15.359
485;3200;40;12;15.282;15.281;15.294
486;3280;41;12;15.218;15.217;15.23
487;3360;42;12;15.154;15.154;15.168
488;3440;43;12;15.092;15.091;15.106
489;3520;44;12;15.031;15.03;15.045
490;3600;45;12;14.97;14.969;14.984
491;3680;46;12;14.91;14.91;14.925
492;3760;47;12;14.851;14.851;14.866
493;3840;48;12;14.793;14.793;14.809
494;3920;49;12;14.736;14.735;14.752
495;4000;50;12;14.679;14.679;14.695
496;960;12;13;17.37;17.37;17.37
497;1040;13;13;17.267;17.267;17.268
498;1120;14;13;17.167;17.166;17.168
499;1200;15;13;17.068;17.068;17.07
500;1280;16;13;16.972;16.972;16.974
501;1360;17;13;16.878;16.878;16.881
502;1440;18;13;16.787;16.786;16.789
503;1520;19;13;16.696;16.696;16.699
504;1600;20;13;16.608;16.608;16.612
505;1680;21;13;16.522;16.521;16.526
506;1760;22;13;16.437;16.437;16.441
507;1840;23;13;16.354;16.353;16.358
508;1920;24;13;16.272;16.272;16.277
509;2000;25;13;16.192;16.191;16.197
510;2080;26;13;16.113;16.113;16.119
511;2160;27;13;16.036;16.035;16.042
512;2240;28;13;15.96;15.959;15.966
513;2320;29;13;15.885;15.884;15.892
514;2400;30;13;15.812;15.811;15.819
515;2480;31;13;15.739;15.739;15.747
516;2560;32;13;15.668;15.668;15.676
517;2640;33;13;15.598;15.598;15.607
518;2720;34;13;15.529;15.529;15.538
519;2800;35;13;15.462;15.461;15.471
520;2880;36;13;15.395;15.394;15.405
521;2960;37;13;15.329;15.329;15.339
522;3040;38;13;15.264;15.264;15.275
523;3120;39;13;15.201;15.2;15.211
524;3200;40;13;15.138;15.137;15.149
525;3280;41;13;15.076;15.075;15.087
526;3360;42;13;15.014;15.014;15.026
527;3440;43;13;14.954;14.953;14.966
528;3520;44;13;14.895;14.894;14.907
529;3600;45;13;14.836;14.835;14.849
530;3680;46;13;14.778;14.777;14.791
531;3760;47;13;14.721;14.72;14.734
532;3840;48;13;14.664;14.664;14.678
533;3920;49;13;14.609;14.608;14.623
534;4000;50;13;14.554;14.553;14.568
535;1040;13;14;17.041;17.041;17.041
536;1120;14;14;16.945;16.945;16.946
537;1200;15;14;16.852;16.852;16.853
538;1280;16;14;16.76;16.76;16.762
539;1360;17;14;16.671;16.671;16.673
540;1440;18;14;16.583;16.583;16.585
541;1520;19;14;16.497;16.497;16.5
542;1600;20;14;16.413;16.413;16.416
543;1680;21;14;16.33;16.33;16.333
544;1760;22;14;16.249;16.249;16.253
545;1840;23;14;16.17;16.169;16.173
546;1920;24;14;16.091;16.091;16.095
547;2000;25;14;16.014;16.014;16.019
548;2080;26;14;15.939;15.938;15.944
549;2160;27;14;15.865;15.864;15.87
550;2240;28;14;15.791;15.791;15.797
551;2320;29;14;15.719;15.719;15.725
552;2400;30;14;15.649;15.648;15.655
553;2480;31;14;15.579;15.579;15.586
554;2560;32;14;15.511;15.51;15.518
555;2640;33;14;15.443;15.443;15.451
556;2720;34;14;15.377;15.376;15.385
557;2800;35;14;15.311;15.311;15.32
558;2880;36;14;15.247;15.246;15.255
559;2960;37;14;15.183;15.183;15.192
560;3040;38;14;15.121;15.12;15.13
561;3120;39;14;15.059;15.058;15.069
562;3200;40;14;14.998;14.997;15.008
563;3280;41;14;14.938;14.937;14.948
564;3360;42;14;14.879;14.878;14.889
565;3440;43;14;14.82;14.82;14.831
566;3520;44;14;14.763;14.762;14.774
567;3600;45;14;14.706;14.705;14.717
568;3680;46;14;14.649;14.649;14.662
569;3760;47;14;14.594;14.593;14.606
570;3840;48;14;14.539;14.539;14.552
571;3920;49;14;14.485;14.484;14.498
572;4000;50;14;14.432;14.431;14.445
573;1120;14;15;16.735;16.735;16.735
574;1200;15;15;16.646;16.646;16.646
575;1280;16;15;16.558;16.558;16.559
576;1360;17;15;16.473;16.473;16.474
577;1440;18;15;16.389;16.389;16.391
578;1520;19;15;16.307;16.307;16.309
579;1600;20;15;16.226;16.226;16.228
580;1680;21;15;16.147;16.147;16.15
581;1760;22;15;16.069;16.069;16.072
582;1840;23;15;15.993;15.992;15.996
583;1920;24;15;15.918;15.917;15.921
584;2000;25;15;15.844;15.843;15.848
585;2080;26;15;15.771;15.771;15.775
586;2160;27;15;15.7;15.699;15.704
587;2240;28;15;15.629;15.629;15.634
588;2320;29;15;15.56;15.56;15.565
589;2400;30;15;15.492;15.491;15.497
590;2480;31;15;15.425;15.424;15.431
591;2560;32;15;15.359;15.358;15.365
592;2640;33;15;15.293;15.293;15.3
593;2720;34;15;15.229;15.229;15.236
594;2800;35;15;15.166;15.165;15.173
595;2880;36;15;15.104;15.103;15.111
596;2960;37;15;15.042;15.042;15.05
597;3040;38;15;14.982;14.981;14.99
598;3120;39;15;14.922;14.921;14.93
599;3200;40;15;14.863;14.862;14.872
600;3280;41;15;14.805;14.804;14.814
601;3360;42;15;14.747;14.747;14.757
602;3440;43;15;14.69;14.69;14.7
603;3520;44;15;14.634;14.634;14.645
604;3600;45;15;14.579;14.579;14.59
605;3680;46;15;14.525;14.524;14.536
606;3760;47;15;14.471;14.47;14.482
607;3840;48;15;14.417;14.417;14.429
608;3920;49;15;14.365;14.364;14.377
609;4000;50;15;14.313;14.312;14.325
610;1200;15;16;16.449;16.449;16.449
611;1280;16;16;16.365;16.365;16.366
612;1360;17;16;16.284;16.283;16.284
613;1440;18;16;16.203;16.203;16.204
614;1520;19;16;16.124;16.124;16.126
615;1600;20;16;16.047;16.047;16.049
616;1680;21;16;15.971;15.971;15.973
617;1760;22;16;15.896;15.896;15.899
618;1840;23;16;15.823;15.822;15.826
619;1920;24;16;15.75;15.75;15.754
620;2000;25;16;15.679;15.679;15.683
621;2080;26;16;15.609;15.609;15.613
622;2160;27;16;15.541;15.54;15.545
623;2240;28;16;15.473;15.472;15.477
624;2320;29;16;15.406;15.406;15.411
625;2400;30;16;15.34;15.34;15.345
626;2480;31;16;15.276;15.275;15.281
627;2560;32;16;15.212;15.211;15.217
628;2640;33;16;15.149;15.148;15.154
629;2720;34;16;15.086;15.086;15.093
630;2800;35;16;15.025;15.025;15.032
631;2880;36;16;14.965;14.964;14.972
632;2960;37;16;14.905;14.905;14.913
633;3040;38;16;14.847;14.846;14.854
634;3120;39;16;14.789;14.788;14.797
635;3200;40;16;14.731;14.731;14.74
636;3280;41;16;14.675;14.674;14.683
637;3360;42;16;14.619;14.619;14.628
638;3440;43;16;14.564;14.564;14.573
639;3520;44;16;14.51;14.509;14.519
640;3600;45;16;14.456;14.456;14.466
641;3680;46;16;14.403;14.403;14.413
642;3760;47;16;14.351;14.35;14.361
643;3840;48;16;14.299;14.298;14.31
644;3920;49;16;14.248;14.247;14.259
645;4000;50;16;14.197;14.196;14.208
646;1280;16;17;16.181;16.181;16.181
647;1360;17;17;16.102;16.102;16.102
648;1440;18;17;16.025;16.025;16.026
649;1520;19;17;15.949;15.949;15.95
650;1600;20;17;15.875;15.875;15.876
651;1680;21;17;15.802;15.802;15.804
652;1760;22;17;15.73;15.73;15.732
653;1840;23;17;15.659;15.659;15.662
654;1920;24;17;15.59;15.589;15.592
655;2000;25;17;15.521;15.521;15.524
656;2080;26;17;15.454;15.453;15.457
657;2160;27;17;15.387;15.387;15.391
658;2240;28;17;15.322;15.321;15.325
659;2320;29;17;15.257;15.257;15.261
660;2400;30;17;15.194;15.193;15.198
661;2480;31;17;15.131;15.131;15.136
662;2560;32;17;15.069;15.069;15.074
663;2640;33;17;15.008;15.008;15.014
664;2720;34;17;14.948;14.948;14.954
665;2800;35;17;14.889;14.888;14.895
666;2880;36;17;14.83;14.83;14.837
667;2960;37;17;14.773;14.772;14.779
668;3040;38;17;14.716;14.715;14.723
669;3120;39;17;14.66;14.659;14.667
670;3200;40;17;14.604;14.603;14.611
671;3280;41;17;14.549;14.549;14.557
672;3360;42;17;14.495;14.494;14.503
673;3440;43;17;14.442;14.441;14.45
674;3520;44;17;14.389;14.388;14.397
675;3600;45;17;14.337;14.336;14.345
676;3680;46;17;14.285;14.284;14.294
677;3760;47;17;14.234;14.233;14.243
678;3840;48;17;14.184;14.183;14.193
679;3920;49;17;14.134;14.133;14.144
680;4000;50;17;14.084;14.084;14.095
681;1360;17;18;15.928;15.928;15.928
682;1440;18;18;15.854;15.854;15.854
683;1520;19;18;15.781;15.781;15.782
684;1600;20;18;15.71;15.709;15.711
685;1680;21;18;15.639;15.639;15.64
686;1760;22;18;15.57;15.57;15.571
687;1840;23;18;15.502;15.501;15.504
688;1920;24;18;15.434;15.434;15.437
689;2000;25;18;15.368;15.368;15.371
690;2080;26;18;15.303;15.303;15.306
691;2160;27;18;15.239;15.239;15.242
692;2240;28;18;15.176;15.175;15.179
693;2320;29;18;15.113;15.113;15.117
694;2400;30;18;15.052;15.051;15.056
695;2480;31;18;14.991;14.991;14.995
696;2560;32;18;14.932;14.931;14.936
697;2640;33;18;14.873;14.872;14.877
698;2720;34;18;14.814;14.814;14.819
699;2800;35;18;14.757;14.756;14.762
700;2880;36;18;14.7;14.7;14.706
701;2960;37;18;14.644;14.644;14.65
702;3040;38;18;14.589;14.588;14.595
703;3120;39;18;14.534;14.534;14.541
704;3200;40;18;14.48;14.48;14.487
705;3280;41;18;14.427;14.426;14.434
706;3360;42;18;14.374;14.374;14.381
707;3440;43;18;14.322;14.322;14.33
708;3520;44;18;14.271;14.27;14.279
709;3600;45;18;14.22;14.219;14.228
710;3680;46;18;14.17;14.169;14.178
711;3760;47;18;14.12;14.12;14.129
712;3840;48;18;14.071;14.07;14.08
713;3920;49;18;14.023;14.022;14.032
714;4000;50;18;13.975;13.974;13.984
715;1440;18;19;15.689;15.689;15.689
716;1520;19;19;15.619;15.619;15.619
717;1600;20;19;15.55;15.55;15.551
718;1680;21;19;15.482;15.482;15.483
719;1760;22;19;15.415;15.415;15.417
720;1840;23;19;15.349;15.349;15.351
721;1920;24;19;15.285;15.284;15.286
722;2000;25;19;15.221;15.22;15.223
723;2080;26;19;15.158;15.157;15.16
724;2160;27;19;15.096;15.095;15.098
725;2240;28;19;15.034;15.034;15.037
726;2320;29;19;14.974;14.974;14.977
727;2400;30;19;14.915;14.914;14.918
728;2480;31;19;14.856;14.855;14.859
729;2560;32;19;14.798;14.797;14.802
730;2640;33;19;14.741;14.74;14.745
731;2720;34;19;14.684;14.684;14.689
732;2800;35;19;14.629;14.628;14.633
733;2880;36;19;14.574;14.573;14.578
734;2960;37;19;14.519;14.519;14.524
735;3040;38;19;14.465;14.465;14.471
736;3120;39;19;14.412;14.412;14.418
737;3200;40;19;14.36;14.359;14.366
738;3280;41;19;14.308;14.307;14.314
739;3360;42;19;14.257;14.256;14.263
740;3440;43;19;14.206;14.205;14.213
741;3520;44;19;14.156;14.155;14.163
742;3600;45;19;14.107;14.106;14.114
743;3680;46;19;14.058;14.057;14.065
744;3760;47;19;14.009;14.009;14.017
745;3840;48;19;13.961;13.961;13.97
746;3920;49;19;13.914;13.913;13.922
747;4000;50;19;13.867;13.867;13.876
748;1520;19;20;15.463;15.463;15.463
749;1600;20;20;15.396;15.396;15.397
750;1680;21;20;15.331;15.331;15.331
751;1760;22;20;15.266;15.266;15.267
752;1840;23;20;15.203;15.202;15.204
753;1920;24;20;15.14;15.14;15.141
754;2000;25;20;15.078;15.078;15.08
755;2080;26;20;15.017;15.017;15.019
756;2160;27;20;14.957;14.957;14.959
757;2240;28;20;14.898;14.897;14.9
758;2320;29;20;14.839;14.839;14.842
759;2400;30;20;14.781;14.781;14.784
760;2480;31;20;14.724;14.724;14.728
761;2560;32;20;14.668;14.668;14.672
762;2640;33;20;14.613;14.612;14.616
763;2720;34;20;14.558;14.557;14.562
764;2800;35;20;14.504;14.503;14.508
765;2880;36;20;14.45;14.45;14.455
766;2960;37;20;14.398;14.397;14.402
767;3040;38;20;14.345;14.345;14.35
768;3120;39;20;14.294;14.293;14.299
769;3200;40;20;14.243;14.242;14.248
770;3280;41;20;14.192;14.192;14.198
771;3360;42;20;14.142;14.142;14.148
772;3440;43;20;14.093;14.092;14.099
773;3520;44;20;14.044;14.044;14.051
774;3600;45;20;13.996;13.995;14.003
775;3680;46;20;13.948;13.948;13.955
776;3760;47;20;13.901;13.9;13.908
777;3840;48;20;13.854;13.854;13.862
778;3920;49;20;13.808;13.808;13.816
779;4000;50;20;13.762;13.762;13.771
780;1600;20;21;15.248;15.248;15.248
781;1680;21;21;15.184;15.184;15.185
782;1760;22;21;15.122;15.122;15.123
783;1840;23;21;15.06;15.06;15.061
784;1920;24;21;15.0;15.0;15.001
785;2000;25;21;14.94;14.94;14.941
786;2080;26;21;14.881;14.881;14.882
787;2160;27;21;14.823;14.822;14.824
788;2240;28;21;14.765;14.765;14.767
789;2320;29;21;14.708;14.708;14.711
790;2400;30;21;14.652;14.652;14.655
791;2480;31;21;14.597;14.597;14.6
792;2560;32;21;14.542;14.542;14.545
793;2640;33;21;14.488;14.488;14.492
794;2720;34;21;14.435;14.435;14.439
795;2800;35;21;14.382;14.382;14.386
796;2880;36;21;14.331;14.33;14.334
797;2960;37;21;14.279;14.279;14.283
798;3040;38;21;14.228;14.228;14.233
799;3120;39;21;14.178;14.178;14.183
800;3200;40;21;14.129;14.128;14.133
801;3280;41;21;14.079;14.079;14.084
802;3360;42;21;14.031;14.03;14.036
803;3440;43;21;13.983;13.982;13.988
804;3520;44;21;13.935;13.935;13.941
805;3600;45;21;13.888;13.887;13.894
806;3680;46;21;13.842;13.841;13.848
807;3760;47;21;13.795;13.795;13.802
808;3840;48;21;13.75;13.749;13.757
809;3920;49;21;13.705;13.704;13.712
810;4000;50;21;13.66;13.66;13.668
811;1680;21;22;15.043;15.043;15.043
812;1760;22;22;14.982;14.982;14.983
813;1840;23;22;14.923;14.923;14.923
814;1920;24;22;14.864;14.864;14.865
815;2000;25;22;14.806;14.806;14.807
816;2080;26;22;14.749;14.748;14.75
817;2160;27;22;14.692;14.692;14.694
818;2240;28;22;14.636;14.636;14.638
819;2320;29;22;14.581;14.581;14.583
820;2400;30;22;14.527;14.527;14.529
821;2480;31;22;14.473;14.473;14.476
822;2560;32;22;14.42;14.42;14.423
823;2640;33;22;14.368;14.367;14.371
824;2720;34;22;14.316;14.315;14.319
825;2800;35;22;14.264;14.264;14.268
826;2880;36;22;14.214;14.213;14.218
827;2960;37;22;14.164;14.163;14.168
828;3040;38;22;14.114;14.114;14.118
829;3120;39;22;14.066;14.065;14.07
830;3200;40;22;14.017;14.017;14.022
831;3280;41;22;13.969;13.969;13.974
832;3360;42;22;13.922;13.921;13.927
833;3440;43;22;13.875;13.875;13.88
834;3520;44;22;13.829;13.828;13.834
835;3600;45;22;13.783;13.782;13.788
836;3680;46;22;13.737;13.737;13.743
837;3760;47;22;13.692;13.692;13.699
838;3840;48;22;13.648;13.647;13.654
839;3920;49;22;13.604;13.603;13.611
840;4000;50;22;13.56;13.56;13.567
841;1760;22;23;14.847;14.847;14.847
842;1840;23;23;14.789;14.789;14.79
843;1920;24;23;14.732;14.732;14.733
844;2000;25;23;14.676;14.676;14.677
845;2080;26;23;14.62;14.62;14.621
846;2160;27;23;14.566;14.565;14.567
847;2240;28;23;14.511;14.511;14.513
848;2320;29;23;14.458;14.458;14.46
849;2400;30;23;14.405;14.405;14.407
850;2480;31;23;14.353;14.352;14.355
851;2560;32;23;14.301;14.301;14.303
852;2640;33;23;14.25;14.25;14.253
853;2720;34;23;14.199;14.199;14.202
854;2800;35;23;14.15;14.149;14.153
855;2880;36;23;14.1;14.1;14.104
856;2960;37;23;14.052;14.051;14.055
857;3040;38;23;14.003;14.003;14.007
858;3120;39;23;13.956;13.955;13.96
859;3200;40;23;13.909;13.908;13.913
860;3280;41;23;13.862;13.861;13.866
861;3360;42;23;13.816;13.815;13.82
862;3440;43;23;13.77;13.77;13.775
863;3520;44;23;13.725;13.724;13.73
864;3600;45;23;13.68;13.68;13.685
865;3680;46;23;13.636;13.635;13.641
866;3760;47;23;13.592;13.591;13.597
867;3840;48;23;13.548;13.548;13.554
868;3920;49;23;13.505;13.505;13.511
869;4000;50;23;13.463;13.462;13.469
870;1840;23;24;14.66;14.66;14.66
871;1920;24;24;14.605;14.605;14.605
872;2000;25;24;14.55;14.55;14.55
873;2080;26;24;14.496;14.496;14.497
874;2160;27;24;14.443;14.442;14.444
875;2240;28;24;14.39;14.39;14.391
876;2320;29;24;14.338;14.338;14.339
877;2400;30;24;14.286;14.286;14.288
878;2480;31;24;14.235;14.235;14.237
879;2560;32;24;14.185;14.185;14.187
880;2640;33;24;14.135;14.135;14.138
881;2720;34;24;14.086;14.086;14.089
882;2800;35;24;14.038;14.037;14.04
883;2880;36;24;13.99;13.989;13.993
884;2960;37;24;13.942;13.942;13.945
885;3040;38;24;13.895;13.895;13.898
886;3120;39;24;13.849;13.848;13.852
887;3200;40;24;13.803;13.802;13.806
888;3280;41;24;13.757;13.757;13.761
889;3360;42;24;13.712;13.712;13.716
890;3440;43;24;13.667;13.667;13.672
891;3520;44;24;13.623;13.623;13.628
892;3600;45;24;13.58;13.579;13.584
893;3680;46;24;13.536;13.536;13.541
894;3760;47;24;13.493;13.493;13.498
895;3840;48;24;13.451;13.45;13.456
896;3920;49;24;13.409;13.408;13.414
897;4000;50;24;13.367;13.367;13.373
898;1920;24;25;14.48;14.48;14.48
899;2000;25;25;14.427;14.427;14.428
900;2080;26;25;14.375;14.375;14.375
901;2160;27;25;14.323;14.323;14.324
902;2240;28;25;14.272;14.271;14.273
903;2320;29;25;14.221;14.221;14.222
904;2400;30;25;14.171;14.171;14.172
905;2480;31;25;14.121;14.121;14.123
906;2560;32;25;14.072;14.072;14.074
907;2640;33;25;14.024;14.024;14.026
908;2720;34;25;13.976;13.976;13.978
909;2800;35;25;13.929;13.928;13.931
910;2880;36;25;13.882;13.881;13.884
911;2960;37;25;13.835;13.835;13.838
912;3040;38;25;13.789;13.789;13.793
913;3120;39;25;13.744;13.744;13.747
914;3200;40;25;13.699;13.699;13.703
915;3280;41;25;13.655;13.654;13.658
916;3360;42;25;13.611;13.61;13.615
917;3440;43;25;13.567;13.567;13.571
918;3520;44;25;13.524;13.524;13.528
919;3600;45;25;13.481;13.481;13.486
920;3680;46;25;13.439;13.438;13.443
921;3760;47;25;13.397;13.397;13.402
922;3840;48;25;13.356;13.355;13.36
923;3920;49;25;13.314;13.314;13.319
924;4000;50;25;13.274;13.273;13.279
925;2000;25;26;14.308;14.308;14.308
926;2080;26;26;14.257;14.257;14.257
927;2160;27;26;14.206;14.206;14.207
928;2240;28;26;14.157;14.156;14.157
929;2320;29;26;14.107;14.107;14.108
930;2400;30;26;14.058;14.058;14.06
931;2480;31;26;14.01;14.01;14.011
932;2560;32;26;13.962;13.962;13.964
933;2640;33;26;13.915;13.915;13.917
934;2720;34;26;13.868;13.868;13.87
935;2800;35;26;13.822;13.822;13.824
936;2880;36;26;13.776;13.776;13.779
937;2960;37;26;13.731;13.731;13.734
938;3040;38;26;13.686;13.686;13.689
939;3120;39;26;13.642;13.642;13.645
940;3200;40;26;13.598;13.598;13.601
941;3280;41;26;13.555;13.554;13.558
942;3360;42;26;13.512;13.511;13.515
943;3440;43;26;13.469;13.469;13.473
944;3520;44;26;13.427;13.426;13.431
945;3600;45;26;13.385;13.385;13.389
946;3680;46;26;13.344;13.343;13.348
947;3760;47;26;13.303;13.302;13.307
948;3840;48;26;13.262;13.262;13.267
949;3920;49;26;13.222;13.221;13.227
950;4000;50;26;13.182;13.182;13.187
951;2080;26;27;14.142;14.142;14.142
952;2160;27;27;14.093;14.093;14.093
953;2240;28;27;14.044;14.044;14.045
954;2320;29;27;13.996;13.996;13.997
955;2400;30;27;13.949;13.949;13.95
956;2480;31;27;13.902;13.902;13.903
957;2560;32;27;13.855;13.855;13.856
958;2640;33;27;13.809;13.809;13.811
959;2720;34;27;13.763;13.763;13.765
960;2800;35;27;13.718;13.718;13.72
961;2880;36;27;13.674;13.673;13.676
962;2960;37;27;13.629;13.629;13.632
963;3040;38;27;13.586;13.585;13.588
964;3120;39;27;13.542;13.542;13.545
965;3200;40;27;13.499;13.499;13.502
966;3280;41;27;13.457;13.457;13.46
967;3360;42;27;13.415;13.415;13.418
968;3440;43;27;13.373;13.373;13.377
969;3520;44;27;13.332;13.332;13.336
970;3600;45;27;13.291;13.291;13.295
971;3680;46;27;13.251;13.25;13.254
972;3760;47;27;13.21;13.21;13.215
973;3840;48;27;13.171;13.17;13.175
974;3920;49;27;13.131;13.131;13.136
975;4000;50;27;13.092;13.092;13.097
976;2160;27;28;13.983;13.983;13.983
977;2240;28;28;13.935;13.935;13.935
978;2320;29;28;13.888;13.888;13.889
979;2400;30;28;13.842;13.842;13.842
980;2480;31;28;13.796;13.796;13.797
981;2560;32;28;13.75;13.75;13.751
982;2640;33;28;13.705;13.705;13.707
983;2720;34;28;13.661;13.661;13.662
984;2800;35;28;13.617;13.617;13.619
985;2880;36;28;13.573;13.573;13.575
986;2960;37;28;13.53;13.53;13.532
987;3040;38;28;13.487;13.487;13.489
988;3120;39;28;13.445;13.445;13.447
989;3200;40;28;13.403;13.403;13.406
990;3280;41;28;13.361;13.361;13.364
991;3360;42;28;13.32;13.32;13.323
992;3440;43;28;13.279;13.279;13.283
993;3520;44;28;13.239;13.239;13.242
994;3600;45;28;13.199;13.199;13.203
995;3680;46;28;13.159;13.159;13.163
996;3760;47;28;13.12;13.12;13.124
997;3840;48;28;13.081;13.081;13.085
998;3920;49;28;13.043;13.042;13.047
999;4000;50;28;13.004;13.004;13.009
1000;2240;28;29;13.829;13.829;13.829
1001;2320;29;29;13.783;13.783;13.783
1002;2400;30;29;13.737;13.737;13.738
1003;2480;31;29;13.693;13.693;13.693
1004;2560;32;29;13.648;13.648;13.649
1005;2640;33;29;13.604;13.604;13.605
1006;2720;34;29;13.561;13.561;13.562
1007;2800;35;29;13.518;13.518;13.519
1008;2880;36;29;13.475;13.475;13.477
1009;2960;37;29;13.433;13.433;13.435
1010;3040;38;29;13.391;13.391;13.393
1011;3120;39;29;13.35;13.349;13.352
1012;3200;40;29;13.308;13.308;13.311
1013;3280;41;29;13.268;13.268;13.27
1014;3360;42;29;13.228;13.227;13.23
1015;3440;43;29;13.188;13.187;13.191
1016;3520;44;29;13.148;13.148;13.151
1017;3600;45;29;13.109;13.109;13.112
1018;3680;46;29;13.07;13.07;13.073
1019;3760;47;29;13.032;13.031;13.035
1020;3840;48;29;12.993;12.993;12.997
1021;3920;49;29;12.956;12.955;12.959
1022;4000;50;29;12.918;12.918;12.922
1023;2320;29;30;13.68;13.68;13.68
1024;2400;30;30;13.636;13.636;13.636
1025;2480;31;30;13.592;13.592;13.592
1026;2560;32;30;13.548;13.548;13.549
1027;2640;33;30;13.505;13.505;13.506
1028;2720;34;30;13.463;13.463;13.464
1029;2800;35;30;13.421;13.421;13.422
1030;2880;36;30;13.379;13.379;13.38
1031;2960;37;30;13.338;13.338;13.339
1032;3040;38;30;13.297;13.297;13.299
1033;3120;39;30;13.256;13.256;13.258
1034;3200;40;30;13.216;13.216;13.218
1035;3280;41;30;13.176;13.176;13.179
1036;3360;42;30;13.137;13.137;13.139
1037;3440;43;30;13.098;13.097;13.1
1038;3520;44;30;13.059;13.059;13.062
1039;3600;45;30;13.021;13.02;13.024
1040;3680;46;30;12.983;12.982;12.986
1041;3760;47;30;12.945;12.944;12.948
1042;3840;48;30;12.907;12.907;12.911
1043;3920;49;30;12.87;12.87;12.874
1044;4000;50;30;12.834;12.833;12.837
1045;2400;30;31;13.536;13.536;13.536
1046;2480;31;31;13.493;13.493;13.493
1047;2560;32;31;13.451;13.451;13.451
1048;2640;33;31;13.409;13.409;13.409
1049;2720;34;31;13.367;13.367;13.368
1050;2800;35;31;13.326;13.326;13.327
1051;2880;36;31;13.285;13.285;13.286
1052;2960;37;31;13.245;13.245;13.246
1053;3040;38;31;13.205;13.204;13.206
1054;3120;39;31;13.165;13.165;13.167
1055;3200;40;31;13.126;13.125;13.127
1056;3280;41;31;13.087;13.086;13.089
1057;3360;42;31;13.048;13.048;13.05
1058;3440;43;31;13.01;13.009;13.012
1059;3520;44;31;12.972;12.971;12.974
1060;3600;45;31;12.934;12.934;12.937
1061;3680;46;31;12.897;12.896;12.9
1062;3760;47;31;12.86;12.859;12.863
1063;3840;48;31;12.823;12.823;12.826
1064;3920;49;31;12.787;12.786;12.79
1065;4000;50;31;12.751;12.75;12.754
1066;2480;31;32;13.397;13.397;13.397
1067;2560;32;32;13.355;13.355;13.355
1068;2640;33;32;13.314;13.314;13.315
1069;2720;34;32;13.273;13.273;13.274
1070;2800;35;32;13.233;13.233;13.234
1071;2880;36;32;13.193;13.193;13.194
1072;2960;37;32;13.154;13.153;13.155
1073;3040;38;32;13.114;13.114;13.116
1074;3120;39;32;13.075;13.075;13.077
1075;3200;40;32;13.037;13.037;13.039
1076;3280;41;32;12.999;12.999;13.001
1077;3360;42;32;12.961;12.961;12.963
1078;3440;43;32;12.923;12.923;12.925
1079;3520;44;32;12.886;12.886;12.888
1080;3600;45;32;12.849;12.849;12.852
1081;3680;46;32;12.813;12.812;12.815
1082;3760;47;32;12.776;12.776;12.779
1083;3840;48;32;12.74;12.74;12.743
1084;3920;49;32;12.705;12.704;12.708
1085;4000;50;32;12.669;12.669;12.672
1086;2560;32;33;13.262;13.262;13.262
1087;2640;33;33;13.222;13.222;13.222
1088;2720;34;33;13.182;13.182;13.182
1089;2800;35;33;13.142;13.142;13.143
1090;2880;36;33;13.103;13.103;13.104
1091;2960;37;33;13.064;13.064;13.065
1092;3040;38;33;13.026;13.026;13.027
1093;3120;39;33;12.988;12.988;12.989
1094;3200;40;33;12.95;12.95;12.951
1095;3280;41;33;12.913;12.912;12.914
1096;3360;42;33;12.875;12.875;12.877
1097;3440;43;33;12.839;12.838;12.841
1098;3520;44;33;12.802;12.802;12.804
1099;3600;45;33;12.766;12.766;12.768
1100;3680;46;33;12.73;12.73;12.732
1101;3760;47;33;12.694;12.694;12.697
1102;3840;48;33;12.659;12.659;12.662
1103;3920;49;33;12.624;12.624;12.627
1104;4000;50;33;12.589;12.589;12.592
1105;2640;33;34;13.131;13.131;13.131
1106;2720;34;34;13.092;13.092;13.092
1107;2800;35;34;13.053;13.053;13.054
1108;2880;36;34;13.015;13.015;13.016
1109;2960;37;34;12.977;12.977;12.978
1110;3040;38;34;12.939;12.939;12.94
1111;3120;39;34;12.902;12.902;12.903
1112;3200;40;34;12.865;12.865;12.866
1113;3280;41;34;12.828;12.828;12.83
1114;3360;42;34;12.792;12.792;12.793
1115;3440;43;34;12.756;12.755;12.757
1116;3520;44;34;12.72;12.72;12.722
1117;3600;45;34;12.684;12.684;12.686
1118;3680;46;34;12.649;12.649;12.651
1119;3760;47;34;12.614;12.614;12.616
1120;3840;48;34;12.579;12.579;12.582
1121;3920;49;34;12.545;12.545;12.548
1122;4000;50;34;12.511;12.511;12.514
1123;2720;34;35;13.004;13.004;13.004
1124;2800;35;35;12.966;12.966;12.966
1125;2880;36;35;12.929;12.928;12.929
1126;2960;37;35;12.891;12.891;12.892
1127;3040;38;35;12.854;12.854;12.855
1128;3120;39;35;12.818;12.818;12.819
1129;3200;40;35;12.781;12.781;12.782
1130;3280;41;35;12.745;12.745;12.747
1131;3360;42;35;12.71;12.709;12.711
1132;3440;43;35;12.674;12.674;12.676
1133;3520;44;35;12.639;12.639;12.641
1134;3600;45;35;12.604;12.604;12.606
1135;3680;46;35;12.57;12.569;12.572
1136;3760;47;35;12.535;12.535;12.537
1137;3840;48;35;12.501;12.501;12.503
1138;3920;49;35;12.467;12.467;12.47
1139;4000;50;35;12.434;12.434;12.436
1140;2800;35;36;12.881;12.881;12.881
1141;2880;36;36;12.844;12.844;12.844
1142;2960;37;36;12.807;12.807;12.808
1143;3040;38;36;12.771;12.771;12.771
1144;3120;39;36;12.735;12.735;12.736
1145;3200;40;36;12.699;12.699;12.7
1146;3280;41;36;12.664;12.664;12.665
1147;3360;42;36;12.629;12.629;12.63
1148;3440;43;36;12.594;12.594;12.596
1149;3520;44;36;12.56;12.559;12.561
1150;3600;45;36;12.525;12.525;12.527
1151;3680;46;36;12.491;12.491;12.493
1152;3760;47;36;12.458;12.458;12.46
1153;3840;48;36;12.424;12.424;12.426
1154;3920;49;36;12.391;12.391;12.393
1155;4000;50;36;12.358;12.358;12.361
1156;2880;36;37;12.761;12.761;12.761
1157;2960;37;37;12.725;12.725;12.725
1158;3040;38;37;12.689;12.689;12.69
1159;3120;39;37;12.654;12.654;12.654
1160;3200;40;37;12.619;12.619;12.62
1161;3280;41;37;12.584;12.584;12.585
1162;3360;42;37;12.55;12.55;12.551
1163;3440;43;37;12.516;12.516;12.517
1164;3520;44;37;12.482;12.482;12.483
1165;3600;45;37;12.448;12.448;12.45
1166;3680;46;37;12.415;12.415;12.416
1167;3760;47;37;12.382;12.381;12.383
1168;3840;48;37;12.349;12.349;12.351
1169;3920;49;37;12.316;12.316;12.318
1170;4000;50;37;12.284;12.283;12.286
1171;2960;37;38;12.644;12.644;12.644
1172;3040;38;38;12.609;12.609;12.609
1173;3120;39;38;12.574;12.574;12.575
1174;3200;40;38;12.54;12.54;12.54
1175;3280;41;38;12.506;12.506;12.507
1176;3360;42;38;12.472;12.472;12.473
1177;3440;43;38;12.439;12.438;12.439
1178;3520;44;38;12.405;12.405;12.406
1179;3600;45;38;12.372;12.372;12.373
1180;3680;46;38;12.339;12.339;12.341
1181;3760;47;38;12.307;12.307;12.308
1182;3840;48;38;12.274;12.274;12.276
1183;3920;49;38;12.242;12.242;12.244
1184;4000;50;38;12.211;12.21;12.213
1185;3040;38;39;12.53;12.53;12.53
1186;3120;39;39;12.496;12.496;12.496
1187;3200;40;39;12.462;12.462;12.463
1188;3280;41;39;12.429;12.429;12.429
1189;3360;42;39;12.396;12.396;12.396
1190;3440;43;39;12.363;12.363;12.364
1191;3520;44;39;12.33;12.33;12.331
1192;3600;45;39;12.298;12.297;12.299
1193;3680;46;39;12.265;12.265;12.266
1194;3760;47;39;12.233;12.233;12.235
1195;3840;48;39;12.201;12.201;12.203
1196;3920;49;39;12.17;12.17;12.172
1197;4000;50;39;12.139;12.138;12.14
1198;3120;39;40;12.419;12.419;12.419
1199;3200;40;40;12.386;12.386;12.386
1200;3280;41;40;12.353;12.353;12.354
1201;3360;42;40;12.321;12.321;12.321
1202;3440;43;40;12.288;12.288;12.289
1203;3520;44;40;12.256;12.256;12.257
1204;3600;45;40;12.224;12.224;12.225
1205;3680;46;40;12.192;12.192;12.193
1206;3760;47;40;12.161;12.161;12.162
1207;3840;48;40;12.13;12.13;12.131
1208;3920;49;40;12.099;12.098;12.1
1209;4000;50;40;12.068;12.068;12.069
1210;3200;40;41;12.311;12.311;12.311
1211;3280;41;41;12.279;12.279;12.279
1212;3360;42;41;12.247;12.247;12.247
1213;3440;43;41;12.215;12.215;12.215
1214;3520;44;41;12.183;12.183;12.184
1215;3600;45;41;12.152;12.152;12.153
1216;3680;46;41;12.121;12.121;12.122
1217;3760;47;41;12.09;12.09;12.091
1218;3840;48;41;12.059;12.059;12.06
1219;3920;49;41;12.029;12.028;12.03
1220;4000;50;41;11.998;11.998;12.0
1221;3280;41;42;12.206;12.206;12.206
1222;3360;42;42;12.174;12.174;12.174
1223;3440;43;42;12.143;12.143;12.143
1224;3520;44;42;12.112;12.112;12.112
1225;3600;45;42;12.081;12.081;12.082
1226;3680;46;42;12.05;12.05;12.051
1227;3760;47;42;12.02;12.02;12.021
1228;3840;48;42;11.99;11.989;11.991
1229;3920;49;42;11.96;11.959;11.961
1230;4000;50;42;11.93;11.93;11.931
1231;3360;42;43;12.103;12.103;12.103
1232;3440;43;43;12.072;12.072;12.072
1233;3520;44;43;12.042;12.041;12.042
1234;3600;45;43;12.011;12.011;12.012
1235;3680;46;43;11.981;11.981;11.981
1236;3760;47;43;11.951;11.951;11.952
1237;3840;48;43;11.921;11.921;11.922
1238;3920;49;43;11.892;11.891;11.893
1239;4000;50;43;11.862;11.862;11.863
1240;3440;43;44;12.002;12.002;12.002
1241;3520;44;44;11.972;11.972;11.972
1242;3600;45;44;11.942;11.942;11.943
1243;3680;46;44;11.913;11.913;11.913
1244;3760;47;44;11.883;11.883;11.884
1245;3840;48;44;11.854;11.854;11.855
1246;3920;49;44;11.825;11.825;11.826
1247;4000;50;44;11.796;11.796;11.797
1248;3520;44;45;11.904;11.904;11.904
1249;3600;45;45;11.875;11.875;11.875
1250;3680;46;45;11.845;11.845;11.846
1251;3760;47;45;11.816;11.816;11.817
1252;3840;48;45;11.787;11.787;11.788
1253;3920;49;45;11.759;11.759;11.76
1254;4000;50;45;11.73;11.73;11.731
1255;3600;45;46;11.808;11.808;11.808
1256;3680;46;46;11.779;11.779;11.779
1257;3760;47;46;11.751;11.751;11.751
1258;3840;48;46;11.722;11.722;11.723
1259;3920;49;46;11.694;11.694;11.694
1260;4000;50;46;11.666;11.666;11.667
1261;3680;46;47;11.714;11.714;11.714
1262;3760;47;47;11.686;11.686;11.686
1263;3840;48;47;11.658;11.658;11.658
1264;3920;49;47;11.63;11.63;11.63
1265;4000;50;47;11.602;11.602;11.603
1266;3760;47;48;11.622;11.622;11.622
1267;3840;48;48;11.594;11.594;11.595
1268;3920;49;48;11.567;11.567;11.567
1269;4000;50;48;11.54;11.54;11.54
1270;3840;48;49;11.532;11.532;11.532
1271;3920;49;49;11.505;11.505;11.505
1272;4000;50;49;11.478;11.478;11.478
1273;3920;49;50;11.444;11.444;11.444
1274;4000;50;50;11.417;11.417;11.417
