LinkS;Instance;Demands;UB;LB;GAP;Time;OF;Formulation;Reach;OSNR;Cuts;Variables;Constraints;v0;preproC;Paths;FeasibleC;InfeasibleC;OnlyOsnrC;OnlyReachC;FeasibleL;InfeasibleL;OnlyOsnrL;OnlyReachL;ads;dcb;llb;nlus;slus;suld;trl;tus;tase
GODZILA;6nodes9links_6_9;12;12.000000;12.000000;0.000000;0.010000;3;0;1;1;0;2;70;22;0;1;1;0;0;0;0;1;0;0;1;1;0;6;12;2;500.000000;12;8
GODZILA;6nodes9links_6_9;12;12.000000;12.000000;0.000000;0.013000;3;23;1;1;0;76;202;7;0;1;1;0;0;0;0;1;0;0;1;1;0;6;12;2;500.000000;12;8
GODZILA;6nodes9links_6_9;12;12.000000;12.000000;0.000000;0.008000;3;23;1;1;0;76;202;7;0;1;1;0;0;0;0;1;0;0;1;1;0;6;12;2;500.000000;12;8
GODZILA;6nodes9links_6_9;12;12.000000;12.000000;0.000000;0.013000;3;23;1;1;0;76;202;7;0;1;1;0;0;0;0;1;0;0;1;1;0;6;12;2;500.000000;12;8
GODZILA;6nodes9links_6_9;12;12.000000;12.000000;0.000000;0.006000;3;23;1;1;0;22;58;7;0;1;1;0;0;0;0;1;0;0;1;1;0;6;12;2;500.000000;12;8
GODZILA;6nodes9links_6_9;12;12.000000;12.000000;0.000000;0.012000;3;23;1;1;0;150;397;12;0;1;1;0;0;0;1;0;0;0;1;1;0;6;12;2;500.000000;12;8
GODZILA;6nodes9links_6_9;12;12.000000;12.000000;0.000000;0.013000;3;23;1;1;0;150;397;12;0;1;1;0;0;0;1;0;0;0;1;1;0;6;12;2;500.000000;12;8
DONNY;6nodes9links_6_9;15;132.000000;132.000000;0.000000;1.064000;3;23;1;1;0;4779;12684;231;0;109;54;55;0;25;32;77;0;36;15;8;8;30;224;22;9650.000000;132;137
DONNY;6nodes9links_6_9;15;-1.000000;-1.000000;0.000000;1.117000;3;22;1;1;0;600;2760;156;0;109;54;55;0;25;0;109;0;0;0;0;0;0;0;0;0.000000;0;0
DONNY;6nodes9links_6_9;15;-1.000000;-1.000000;0.000000;0.451000;3;23;1;1;0;2520;6450;156;0;109;54;55;0;25;0;109;0;0;0;0;0;0;0;0;0.000000;0;0
DONNY;6nodes9links_6_9;15;84.000000;84.000000;0.000000;0.085000;3;23;1;1;0;2016;5187;124;0;74;23;51;0;17;0;74;0;0;12;12;0;15;113;14;5950.000000;84;85
DONNY;6nodes9links_6_9;15;84.000000;84.000000;0.000000;0.034000;3;22;1;1;0;462;1776;124;0;74;23;51;0;17;0;74;0;0;12;12;0;15;111;14;5950.000000;84;85
DONNY;6nodes9links_6_9;15;84.000000;84.000000;0.000000;0.085000;3;23;1;1;0;2016;5187;124;0;74;23;51;0;17;0;74;0;0;12;12;0;15;113;14;5950.000000;84;85
DONNY;6nodes9links_6_9;15;84.000000;84.000000;0.000000;0.037000;3;0;1;1;0;1520;1299;1720;0;74;23;51;0;17;0;74;0;0;12;12;0;15;120;14;5950.000000;84;85
DONNY;6nodes9links_6_9;15;84.000000;84.000000;0.000000;0.081000;3;0;1;1;0;3049;2523;3440;0;74;23;51;0;17;14;60;0;21;12;6;4;30;162;14;5700.000000;84;82
DONNY;6nodes9links_6_9;15;84.000000;84.000000;0.000000;0.086000;3;22;1;1;0;651;2787;184;0;74;23;51;0;17;14;60;0;21;12;11;1;30;117;14;5950.000000;84;85
DONNY;6nodes9links_6_9;15;84.000000;84.000000;0.000000;0.069000;3;3;1;1;0;394;1776;3440;0;74;23;51;0;17;14;60;0;21;11;11;0;12;66;11;4450.000000;66;64
DONNY;6nodes9links_6_9;15;0.000000;0.000000;0.000000;0.474000;20;23;1;1;0;3825;10311;184;0;74;23;51;0;17;14;60;0;21;12;12;0;15;96;14;5950.000000;84;85
DONNY;6nodes9links_6_9;15;4.000000;4.000000;0.000000;0.507000;20;23;1;1;0;3825;10311;184;0;74;23;51;0;17;14;60;0;21;12;8;4;30;134;17;5850.000000;102;87
DONNY;6nodes9links_6_9;15;4.000000;4.000000;0.000000;0.066000;20;22;1;1;0;651;2895;184;0;74;23;51;0;17;14;60;0;21;12;9;3;30;144;17;5850.000000;102;87
DONNY;6nodes9links_6_9;15;4.000000;4.000000;0.000000;0.520000;20;23;1;1;0;3825;10311;184;0;74;23;51;0;17;14;60;0;21;12;8;4;30;134;17;5850.000000;102;87
DONNY;6nodes9links_6_9;15;4.000000;4.000000;0.000000;0.081000;20;0;1;1;0;3049;1947;3440;0;74;23;51;0;17;14;60;0;21;12;7;4;30;143;17;5850.000000;102;87
DONNY;6nodes9links_6_9;15;12.000000;12.000000;0.000000;0.103000;8;0;1;1;0;3050;1851;3440;0;74;23;51;0;17;14;60;0;21;12;12;0;12;84;14;5950.000000;84;85
DONNY;6nodes9links_6_9;15;12.000000;12.000000;0.000000;0.486000;8;23;1;1;0;3826;10215;184;0;74;23;51;0;17;14;60;0;21;12;12;0;12;84;14;5950.000000;84;85
DONNY;6nodes9links_6_9;15;12.000000;12.000000;0.000000;0.125000;8;22;1;1;0;652;2799;184;0;74;23;51;0;17;14;60;0;21;12;12;0;12;84;14;5950.000000;84;85
DONNY;6nodes9links_6_9;15;84.000000;84.000000;0.000000;0.053000;3;22;1;1;0;462;1776;124;0;74;23;51;0;17;0;74;0;0;12;12;0;15;111;14;5950.000000;84;85
DONNY;6nodes9links_6_9;15;84.000000;84.000000;0.000000;0.140000;3;21;1;1;0;396;9102;124;0;74;23;51;0;17;0;74;0;0;12;12;0;15;111;14;5950.000000;84;85
DONNY;6nodes9links_6_9;15;84.000000;84.000000;0.000000;0.389000;3;21;1;1;0;585;18033;184;0;74;23;51;0;17;14;60;0;21;12;12;0;15;102;14;5950.000000;84;85
DONNY;6nodes9links_6_9;15;84.000000;84.000000;0.000000;0.058000;3;22;1;1;0;651;2787;184;0;74;23;51;0;17;14;60;0;21;12;11;1;30;117;14;5950.000000;84;85
DONNY;6nodes9links_6_9;15;84.000000;84.000000;0.000000;0.411000;3;21;1;1;0;585;18033;184;0;74;23;51;0;17;14;60;0;21;12;12;0;15;102;14;5950.000000;84;85
DONNY;6nodes9links_6_9;15;84.000000;84.000000;0.000000;0.494000;3;23;1;1;0;3825;10203;184;0;74;23;51;0;17;14;60;0;21;12;10;4;28;139;14;5700.000000;84;82
DONNY;6nodes9links_6_9;15;84.000000;84.000000;0.000000;0.451000;3;23;1;1;3825;10203;184;0;74;23;51;0;17;14;60;0;21;12;10;4;28;139;14;5700.000000;84;82
DONNY;6nodes9links_6_9;15;84.000000;84.000000;0.000000;0.055000;3;22;1;1;462;1776;124;0;74;23;51;0;17;0;74;0;0;12;12;0;15;111;14;5950.000000;84;85
DONNY;6nodes9links_6_9;15;84.000000;84.000000;0.000000;0.083000;3;22;1;1;462;1776;124;0;74;23;51;0;17;0;74;0;0;12;12;0;15;120;14;5950.000000;84;85
6nodes9links_6_9;15;132.000000;132.000000;0.000000;0.274000;3;0;1;1;0;1;0;0;0;0.001829;4725;2205;3375;0;0;0;0;0;0;21885;53;1;0;15;15;0;30;246;22;7870.000000;132;8833.333333
6nodes9links_6_9;15;132.000000;132.000000;0.000000;0.289000;3;0;1;1;0;1;0;0;0;0.001306;4725;2205;3375;0;0;0;0;0;0;22057;53;1;0;15;15;0;30;246;22;7870.000000;132;8833.333333
6nodes9links_6_9;15;132.000000;132.000000;0.000000;0.307000;3;0;1;1;0;1;0;0;0;0.001799;4725;2205;3375;0;0;0;0;0;0;21860;53;1;0;15;15;0;30;246;22;7870.000000;132;8833.333333
6nodes9links_6_9;15;132.000000;132.000000;0.000000;0.280000;3;0;1;1;0;1;0;0;0;0.003416;4725;2205;3375;0;0;0;0;0;0;22010;53;1;0;15;15;0;30;246;22;7870.000000;132;8833.333333
6nodes9links_6_9;15;132.000000;132.000000;0.000000;0.297000;3;0;1;1;0;1;0;0;0;0.003889;4725;2205;3375;0;0;0;0;0;0;22014;53;1;0;15;15;0;30;246;22;7870.000000;132;8833.333333
6nodes9links_6_9;15;132.000000;132.000000;0.000000;0.302000;3;0;1;1;0;1;0;0;0;0.003958;4725;2205;3375;0;0;0;0;0;0;21869;53;1;0;15;15;0;30;246;22;7870.000000;132;8833.333333
6nodes9links_6_9;15;132.000000;132.000000;0.000000;0.273000;3;0;1;1;0;1;0;0;0;0.003758;4725;2205;3375;0;0;0;0;0;0;21872;53;1;0;15;15;0;30;246;22;7870.000000;132;8833.333333
6nodes9links_6_9;15;132.000000;132.000000;0.000000;0.298000;3;0;1;1;0;1;0;0;0;0.001259;4725;2205;3375;0;0;0;0;0;0;22022;53;1;0;15;15;0;30;246;22;7870.000000;132;8833.333333
6nodes9links_6_9;15;132.000000;132.000000;0.000000;0.302000;3;0;1;1;0;1;0;0;0;0.001297;4725;2205;3375;0;0;0;0;0;0;21992;53;1;0;15;15;0;30;246;22;7870.000000;132;8833.333333
6nodes9links_6_9;15;132.000000;132.000000;0.000000;0.293000;3;0;1;1;0;1;0;0;0;0.003625;4725;2205;3375;0;0;0;0;0;0;21955;53;1;0;15;15;0;30;246;22;7870.000000;132;8833.333333
6nodes9links_6_9;15;132.000000;132.000000;0.000000;0.278000;3;0;1;1;0;1;0;0;0;0.004444;4725;2205;3375;0;0;0;0;0;0;21925;53;1;0;15;15;0;30;246;22;7870.000000;132;8833.333333
6nodes9links_6_9;15;132.000000;132.000000;0.000000;0.289000;3;0;1;1;0;1;0;0;0;0.001813;4725;2205;3375;0;0;0;0;0;0;21997;53;1;0;15;15;0;30;246;22;7870.000000;132;8833.333333
6nodes9links_6_9;15;132.000000;132.000000;0.000000;0.298000;3;0;1;1;0;1;0;0;0;0.002218;4725;2205;3375;0;0;0;0;0;0;21864;53;1;0;15;15;0;30;246;22;7870.000000;132;8833.333333
6nodes9links_6_9;15;132.000000;132.000000;0.000000;0.289000;3;0;1;1;0;1;0;0;0;0.001751;4725;2205;3375;0;0;0;0;0;0;21865;53;1;0;15;15;0;30;246;22;7870.000000;132;8833.333333
6nodes9links_6_9;15;132.000000;132.000000;0.000000;0.293000;3;0;1;1;0;1;0;0;0;0.002366;4725;2205;3375;0;0;0;0;0;0;21948;53;1;0;15;15;0;30;246;22;7870.000000;132;8833.333333
6nodes9links_6_9;15;132.000000;132.000000;0.000000;0.281000;3;0;1;1;0;1;0;0;0;0.001235;4725;2205;3375;0;0;0;0;0;0;21919;53;1;0;15;15;0;30;246;22;7870.000000;132;8833.333333
6nodes9links_6_9;15;132.000000;132.000000;0.000000;0.294000;3;0;1;1;0;1;0;0;0;0.002026;4725;2205;3375;0;0;0;0;0;0;22017;53;1;0;15;15;0;30;246;22;7870.000000;132;8833.333333
6nodes9links_6_9;15;132.000000;132.000000;0.000000;0.264000;3;0;1;1;0;1;0;0;0;0.002434;4725;2205;3375;0;0;0;0;0;0;22007;53;1;0;15;15;0;30;246;22;7870.000000;132;8833.333333
6nodes9links_6_9;15;132.000000;132.000000;0.000000;0.290000;3;0;1;1;0;1;0;0;0;0.003034;4725;2205;3375;0;0;0;0;0;0;21986;53;1;0;15;15;0;30;246;22;7870.000000;132;8833.333333
6nodes9links_6_9;15;132.000000;132.000000;0.000000;0.310000;3;0;1;1;0;1;0;0;0;0.001271;4725;2205;3375;0;0;0;0;0;0;21848;53;1;0;15;15;0;30;246;22;7870.000000;132;8833.333333
6nodes9links_6_9;15;132.000000;132.000000;0.000000;0.281000;3;0;1;1;0;1;0;0;0;0.001977;4725;2205;3375;0;0;0;0;0;0;21934;53;1;0;15;15;0;30;246;22;7870.000000;132;8833.333333
6nodes9links_6_9;15;132.000000;132.000000;0.000000;0.257000;3;0;1;1;0;1;0;0;0;0.001455;4725;2205;3375;0;0;0;0;0;0;22030;53;1;0;15;15;0;30;246;22;7870.000000;132;8833.333333
6nodes9links_6_9;15;132.000000;132.000000;0.000000;0.356000;3;0;1;1;0;1;0;0;0;0.003561;4725;2205;3375;0;0;0;0;0;0;22096;53;1;0;15;15;0;30;246;22;7870.000000;132;8833.333333
6nodes9links_6_9;15;132.000000;132.000000;0.000000;0.277000;3;0;1;1;0;1;0;0;0;0.004477;4725;2205;3375;0;0;0;0;0;0;21913;53;1;0;15;15;0;30;246;22;7870.000000;132;8833.333333
6nodes9links_6_9;15;132.000000;132.000000;0.000000;0.320000;3;0;1;1;0;1;0;0;0;0.001871;4725;2205;3375;0;0;0;0;0;0;21910;53;1;0;15;15;0;30;246;22;7870.000000;132;8833.333333
6nodes9links_6_9;15;132.000000;132.000000;0.000000;0.265000;3;0;1;1;0;1;0;0;0;0.003746;4725;2205;3375;0;0;0;0;0;0;22044;53;1;0;15;15;0;30;246;22;7870.000000;132;8833.333333
6nodes9links_6_9;15;132.000000;132.000000;0.000000;0.308000;3;0;1;1;0;1;0;0;0;0.001162;4725;2205;3375;0;0;0;0;0;0;21866;53;1;0;15;15;0;30;246;22;7870.000000;132;8833.333333
6nodes9links_6_9;15;132.000000;132.000000;0.000000;0.306000;3;0;1;1;0;1;0;0;0;0.003034;4725;2205;3375;0;0;0;0;0;0;21967;53;1;0;15;15;0;30;246;22;7870.000000;132;8833.333333
6nodes9links_6_9;15;132.000000;132.000000;0.000000;0.299000;3;0;1;1;0;1;0;0;0;0.003527;4725;2205;3375;0;0;0;0;0;0;22094;53;1;0;15;15;0;30;246;22;7870.000000;132;8833.333333
6nodes9links_6_9;15;132.000000;132.000000;0.000000;0.255000;3;0;1;1;0;1;0;0;0;0.001283;4725;2205;3375;0;0;0;0;0;0;22081;53;1;0;15;15;0;30;246;22;7870.000000;132;8833.333333
6nodes9links_6_9;15;132.000000;132.000000;0.000000;0.283000;3;0;1;1;0;1;0;0;0;0.002123;4725;2205;3375;0;0;0;0;0;0;21894;53;1;0;15;15;0;30;246;22;7870.000000;132;8833.333333
6nodes9links_6_9;15;132.000000;132.000000;0.000000;0.274000;3;0;1;1;0;1;0;0;0;0.002438;4725;2205;3375;0;0;0;0;0;0;21970;53;1;0;15;15;0;30;246;22;7870.000000;132;8833.333333
6nodes9links_6_9;15;132.000000;132.000000;0.000000;0.270000;3;0;1;1;0;1;0;0;0;0.002283;4725;2205;3375;0;0;0;0;0;0;21849;53;1;0;15;15;0;30;246;22;7870.000000;132;8833.333333
6nodes9links_6_9;15;132.000000;132.000000;0.000000;0.274000;3;0;1;1;0;1;0;0;0;0.001123;4725;2205;3375;0;0;0;0;0;0;22019;53;1;0;15;15;0;30;246;22;7870.000000;132;8833.333333
6nodes9links_6_9;15;132.000000;132.000000;0.000000;0.279000;3;0;1;1;0;1;0;0;0;0.001879;4725;2205;3375;0;0;0;0;0;0;21942;53;1;0;15;15;0;30;246;22;7870.000000;132;8833.333333
6nodes9links_6_9;15;132.000000;132.000000;0.000000;0.294000;3;0;1;1;0;1;0;0;0;0.002692;4725;2205;3375;0;0;0;0;0;0;21867;53;1;0;15;15;0;30;246;22;7870.000000;132;8833.333333
6nodes9links_6_9;15;132.000000;132.000000;0.000000;0.317000;3;0;1;1;0;1;0;0;0;0.002388;4725;2205;3375;0;0;0;0;0;0;21945;53;1;0;15;15;0;30;246;22;7870.000000;132;8833.333333
6nodes9links_6_9;15;132.000000;132.000000;0.000000;0.263000;3;0;1;1;0;1;0;0;0;0.001345;4725;2205;3375;0;0;0;0;0;0;21962;53;1;0;15;15;0;30;246;22;7870.000000;132;8833.333333
6nodes9links_6_9;15;132.000000;132.000000;0.000000;0.288000;3;0;1;1;0;1;0;0;0;0.002560;4725;2205;3375;0;0;0;0;0;0;22095;53;1;0;15;15;0;30;246;22;7870.000000;132;8833.333333
6nodes9links_6_9;15;132.000000;132.000000;0.000000;0.264000;3;0;1;1;0;1;0;0;0;0.002778;4725;2205;3375;0;0;0;0;0;0;22083;53;1;0;15;15;0;30;246;22;7870.000000;132;8833.333333
6nodes9links_6_9;15;132.000000;132.000000;0.000000;0.280000;3;0;1;1;0;1;0;0;0;0.001574;4725;2205;3375;0;0;0;0;0;0;21904;53;1;0;15;15;0;30;246;22;7870.000000;132;8833.333333
6nodes9links_6_9;15;132.000000;132.000000;0.000000;0.270000;3;0;1;1;0;1;0;0;0;0.001657;4725;2205;3375;0;0;0;0;0;0;21975;53;1;0;15;15;0;30;246;22;7870.000000;132;8833.333333
6nodes9links_6_9;15;132.000000;132.000000;0.000000;0.236000;3;0;1;1;0;1;0;0;0;0.001411;4725;2205;3375;0;0;0;0;0;0;22061;53;1;0;15;15;0;30;246;22;7870.000000;132;8833.333333
6nodes9links_6_9;15;132.000000;132.000000;0.000000;0.251000;3;0;1;1;0;1;0;0;0;0.002192;4725;2205;3375;0;0;0;0;0;0;21914;53;1;0;15;15;0;30;246;22;7870.000000;132;8833.333333
6nodes9links_6_9;15;132.000000;132.000000;0.000000;0.301000;3;0;1;1;0;1;0;0;0;0.001188;4725;2205;3375;0;0;0;0;0;0;21862;53;1;0;15;15;0;30;246;22;7870.000000;132;8833.333333
6nodes9links_6_9;15;132.000000;132.000000;0.000000;0.277000;3;0;1;1;0;1;0;0;0;0.002177;4725;2205;3375;0;0;0;0;0;0;22064;53;1;0;15;15;0;30;246;22;7870.000000;132;8833.333333
6nodes9links_6_9;15;132.000000;132.000000;0.000000;0.271000;3;0;1;1;0;1;0;0;0;0.002642;4725;2205;3375;0;0;0;0;0;0;21861;53;1;0;15;15;0;30;246;22;7870.000000;132;8833.333333
6nodes9links_6_9;15;132.000000;132.000000;0.000000;0.315000;3;0;1;1;0;1;0;0;0;0.001456;4725;2205;3375;0;0;0;0;0;0;22022;53;1;0;15;15;0;30;246;22;7870.000000;132;8833.333333
6nodes9links_6_9;15;132.000000;132.000000;0.000000;0.279000;3;0;1;1;0;1;0;0;0;0.003548;4725;2205;3375;0;0;0;0;0;0;21889;53;1;0;15;15;0;30;246;22;7870.000000;132;8833.333333
6nodes9links_6_9;15;132.000000;132.000000;0.000000;0.387000;3;0;1;1;0;1;0;0;0;0.002087;4725;2205;3375;0;0;0;0;0;0;22060;53;1;0;15;15;0;30;246;22;7870.000000;132;8833.333333
6nodes9links_6_9;15;132.000000;132.000000;0.000000;2.050000;3;0;1;1;0;1;0;0;0;0.004060;16065;6345;8235;0;0;0;0;0;0;0;0;0;0;15;15;0;90;720;22;7810.000000;132;8833.333333
6nodes9links_6_9;15;132.000000;132.000000;0.000000;2.300000;3;0;1;1;0;1;0;0;0;0.003138;16065;6345;8235;0;0;0;0;0;0;0;0;0;0;15;15;0;90;720;22;7810.000000;132;8833.333333
6nodes9links_6_9;15;132.000000;132.000000;0.000000;2.233000;3;0;1;1;0;1;0;0;0;0.004057;16065;6345;8235;0;0;0;0;0;0;0;0;0;0;15;15;0;90;720;22;7810.000000;132;8833.333333
6nodes9links_6_9;15;132.000000;132.000000;0.000000;2.196000;3;0;1;1;0;1;0;0;0;0.002835;16065;6345;8235;0;0;0;0;0;0;0;0;0;0;15;15;0;90;720;22;7810.000000;132;8833.333333
6nodes9links_6_9;15;132.000000;132.000000;0.000000;2.376000;3;0;1;1;0;1;0;0;0;0.003826;16065;6345;8235;0;0;0;0;0;0;0;0;0;0;15;15;0;90;720;22;7810.000000;132;8833.333333
6nodes9links_6_9;15;132.000000;132.000000;0.000000;2.276000;3;0;1;1;0;1;0;0;0;0.004712;16065;6345;8235;0;0;0;0;0;0;0;0;0;0;15;15;0;90;720;22;7810.000000;132;8833.333333
6nodes9links_6_9;15;132.000000;132.000000;0.000000;1.933000;3;0;1;1;0;1;0;0;0;0.004548;16065;6345;8235;0;0;0;0;0;0;0;0;0;0;15;15;0;90;720;22;7810.000000;132;8833.333333
6nodes9links_6_9;15;132.000000;132.000000;0.000000;2.547000;3;0;1;1;0;1;0;0;0;0.003648;16065;6345;8235;0;0;0;0;0;0;0;0;0;0;15;15;0;90;720;22;7810.000000;132;8833.333333
6nodes9links_6_9;15;132.000000;132.000000;0.000000;2.452000;3;0;1;1;0;1;0;0;0;0.003167;16065;6345;8235;0;0;0;0;0;0;0;0;0;0;15;15;0;90;720;22;7810.000000;132;8833.333333
6nodes9links_6_9;15;132.000000;132.000000;0.000000;2.036000;3;0;1;1;0;1;0;0;0;0.003158;16065;6345;8235;0;0;0;0;0;0;0;0;0;0;15;15;0;90;720;22;7810.000000;132;8833.333333
6nodes9links_6_9;15;132.000000;132.000000;0.000000;1.965000;3;0;1;1;0;1;0;0;0;0.003340;16065;6345;8235;0;0;0;0;0;0;0;0;0;0;15;15;0;90;720;22;7810.000000;132;8833.333333
6nodes9links_6_9;15;132.000000;132.000000;0.000000;1.816000;3;0;1;1;0;1;0;0;0;0.003489;16065;6345;8235;0;0;0;0;0;0;0;0;0;0;15;15;0;90;720;22;7810.000000;132;8833.333333
6nodes9links_6_9;15;132.000000;132.000000;0.000000;2.094000;3;0;1;1;0;1;0;0;0;0.002434;16065;6345;8235;0;0;0;0;0;0;0;0;0;0;15;15;0;90;720;22;7810.000000;132;8833.333333
6nodes9links_6_9;15;132.000000;132.000000;0.000000;2.065000;3;0;1;1;0;1;0;0;0;0.004313;16065;6345;8235;0;0;0;0;0;0;0;0;0;0;15;15;0;90;720;22;7810.000000;132;8833.333333
6nodes9links_6_9;15;132.000000;132.000000;0.000000;2.235000;3;0;1;1;0;1;0;0;0;0.002743;16065;6345;8235;0;0;0;0;0;0;0;0;0;0;15;15;0;90;720;22;7810.000000;132;8833.333333
6nodes9links_6_9;15;132.000000;132.000000;0.000000;2.611000;3;0;1;1;0;1;0;0;0;0.003286;16065;6345;8235;0;0;0;0;0;0;0;0;0;0;15;15;0;90;720;22;7810.000000;132;8833.333333
6nodes9links_6_9;15;132.000000;132.000000;0.000000;2.571000;3;0;1;1;0;1;0;0;0;0.004799;16065;6345;8235;0;0;0;0;0;0;0;0;0;0;15;15;0;90;720;22;7810.000000;132;8833.333333
6nodes9links_6_9;15;132.000000;132.000000;0.000000;3.072000;3;0;1;1;0;1;0;0;0;0.005487;16065;6345;8235;0;0;0;0;0;0;0;0;0;0;15;15;0;90;720;22;7810.000000;132;8833.333333
6nodes9links_6_9;15;132.000000;132.000000;0.000000;2.776000;3;0;1;1;0;1;0;0;0;0.004650;16065;6345;8235;0;0;0;0;0;0;0;0;0;0;15;15;0;90;720;22;7810.000000;132;8833.333333
6nodes9links_6_9;15;132.000000;132.000000;0.000000;2.320000;3;0;1;1;0;1;0;0;0;0.002529;16065;6345;8235;0;0;0;0;0;0;0;0;0;0;15;15;0;90;720;22;7810.000000;132;8833.333333
6nodes9links_6_9;15;132.000000;132.000000;0.000000;2.011000;3;0;1;1;0;1;0;0;0;0.002624;16065;6345;8235;0;0;0;0;0;0;0;0;0;0;15;15;0;90;720;22;7810.000000;132;8833.333333
6nodes9links_6_9;15;132.000000;132.000000;0.000000;2.283000;3;0;1;1;0;1;0;0;0;0.002652;16065;6345;8235;0;0;0;0;0;0;0;0;0;0;15;15;0;90;720;22;7810.000000;132;8833.333333
6nodes9links_6_9;15;132.000000;132.000000;0.000000;2.475000;3;0;1;1;0;1;0;0;0;0.005527;16065;6345;8235;0;0;0;0;0;0;0;0;0;0;15;15;0;90;720;22;7810.000000;132;8833.333333
6nodes9links_6_9;15;132.000000;132.000000;0.000000;2.198000;3;0;1;1;0;1;0;0;0;0.002807;16065;6345;8235;0;0;0;0;0;0;0;0;0;0;15;15;0;90;720;22;7810.000000;132;8833.333333
6nodes9links_6_9;15;132.000000;132.000000;0.000000;2.452000;3;0;1;1;0;1;0;0;0;0.004269;16065;6345;8235;0;0;0;0;0;0;0;0;0;0;15;15;0;90;720;22;7810.000000;132;8833.333333
6nodes9links_6_9;15;132.000000;132.000000;0.000000;2.556000;3;0;1;1;0;1;0;0;0;0.003367;16065;6345;8235;0;0;0;0;0;0;0;0;0;0;15;15;0;90;720;22;7810.000000;132;8833.333333
6nodes9links_6_9;15;132.000000;132.000000;0.000000;2.130000;3;0;1;1;0;1;0;0;0;0.003547;16065;6345;8235;0;0;0;0;0;0;0;0;0;0;15;15;0;90;720;22;7810.000000;132;8833.333333
6nodes9links_6_9;15;132.000000;132.000000;0.000000;1.992000;3;0;1;1;0;1;0;0;0;0.003352;16065;6345;8235;0;0;0;0;0;0;0;0;0;0;15;15;0;90;720;22;7810.000000;132;8833.333333
6nodes9links_6_9;15;132.000000;132.000000;0.000000;1.893000;3;0;1;1;0;1;0;0;0;0.003474;16065;6345;8235;0;0;0;0;0;0;0;0;0;0;15;15;0;90;720;22;7810.000000;132;8833.333333
6nodes9links_6_9;15;132.000000;132.000000;0.000000;2.293000;3;0;1;1;0;1;0;0;0;0.003085;16065;6345;8235;0;0;0;0;0;0;0;0;0;0;15;15;0;90;720;22;7810.000000;132;8833.333333
6nodes9links_6_9;15;132.000000;132.000000;0.000000;2.223000;3;0;1;1;0;1;0;0;0;0.003780;16065;6345;8235;0;0;0;0;0;0;0;0;0;0;15;15;0;90;720;22;7810.000000;132;8833.333333
6nodes9links_6_9;15;132.000000;132.000000;0.000000;0.328000;3;0;1;1;0;1;0;0;0;0.002266;4725;2205;3375;0;0;0;0;0;0;22071;53;1;0;15;15;0;30;246;22;7870.000000;132;8833.333333
6nodes9links_6_9;15;132.000000;132.000000;0.000000;0.279000;3;0;1;1;0;1;0;0;0;0.002682;4725;2205;3375;0;0;0;0;0;0;21857;53;1;0;15;15;0;30;246;22;7870.000000;132;8833.333333
6nodes9links_6_9;15;732.000000;732.000000;0.000000;123.292000;3;0;1;1;0;1;0;0;0;0.018722;217455;78600;42545;0;0;0;0;0;0;22092;56;1;0;50;50;0;100;2133;122;21523.000000;732;26833.333333
6nodes9links_6_9;15;732.000000;732.000000;0.000000;122.997000;3;0;1;1;0;1;0;0;0;0.038103;217455;78600;42545;0;0;0;0;0;0;21958;56;1;0;50;50;0;100;2133;122;21523.000000;732;26833.333333
6nodes9links_6_9;15;732.000000;732.000000;0.000000;104.595000;3;0;1;1;0;1;0;0;0;0.021905;217455;78600;42545;0;0;0;0;0;0;21982;56;1;0;50;50;0;100;2133;122;21523.000000;732;26833.333333
6nodes9links_6_9;15;132.000000;132.000000;0.000000;0.256000;3;0;1;1;0;1;0;0;0;0.002527;4725;2205;3375;0;0;0;0;0;0;22081;53;1;0;15;15;0;30;246;22;7870.000000;132;8833.333333
6nodes9links_6_9;15;132.000000;132.000000;0.000000;0.288000;3;0;1;1;0;1;0;0;0;0.002025;4725;2205;3375;0;0;0;0;0;0;22003;53;1;0;15;15;0;30;246;22;7870.000000;132;8833.333333
6nodes9links_6_9;15;132.000000;132.000000;0.000000;0.286000;3;0;1;1;0;1;0;0;0;0.002379;4725;2205;3375;0;0;0;0;0;0;22043;53;1;0;15;15;0;30;246;22;7870.000000;132;8833.333333
6nodes9links_6_9;15;132.000000;132.000000;0.000000;0.244000;3;0;1;1;0;1;0;0;0;0.002681;4725;2205;3375;0;0;0;0;0;0;21913;53;1;0;15;15;0;30;246;22;7870.000000;132;8833.333333
6nodes9links_6_9;15;132.000000;132.000000;0.000000;0.287000;3;0;1;1;0;1;0;0;0;0.000973;4725;2205;3375;0;0;0;0;0;0;22024;53;1;0;15;15;0;30;246;22;7870.000000;132;8833.333333
6nodes9links_6_9;15;132.000000;132.000000;0.000000;0.266000;3;0;1;1;0;1;0;0;0;0.002717;4725;2205;3375;0;0;0;0;0;0;22071;53;1;0;15;15;0;30;246;22;7870.000000;132;8833.333333
6nodes9links_6_9;15;132.000000;132.000000;0.000000;0.270000;3;0;1;1;0;1;0;0;0;0.002035;4725;2205;3375;0;0;0;0;0;0;21964;53;1;0;15;15;0;30;246;22;7870.000000;132;8833.333333
6nodes9links_6_9;15;132.000000;132.000000;0.000000;0.271000;3;0;1;1;0;1;0;0;0;0.002414;4725;2205;3375;0;0;0;0;0;0;22066;53;1;0;15;15;0;30;246;22;7870.000000;132;8833.333333
6nodes9links_6_9;15;132.000000;132.000000;0.000000;0.224000;3;0;1;1;0;1;0;0;0;0.003196;4725;2205;3375;0;0;0;0;0;0;22091;53;1;0;15;15;0;30;246;22;7870.000000;132;8833.333333
6nodes9links_6_9;15;132.000000;132.000000;0.000000;0.238000;3;0;1;1;0;1;0;0;0;0.001689;4725;2205;3375;0;0;0;0;0;0;21951;53;1;0;15;15;0;30;246;22;7870.000000;132;8833.333333
6nodes9links_6_9;15;132.000000;132.000000;0.000000;0.267000;3;0;1;1;0;1;0;0;0;0.000920;4725;2205;3375;0;0;0;0;0;0;22004;53;1;0;15;15;0;30;246;22;7870.000000;132;8833.333333
6nodes9links_6_9;15;132.000000;132.000000;0.000000;0.265000;3;0;1;1;0;1;0;0;0;0.002210;4725;2205;3375;0;0;0;0;0;0;21947;53;1;0;15;15;0;30;246;22;7870.000000;132;8833.333333
6nodes9links_6_9;15;132.000000;132.000000;0.000000;0.245000;3;0;1;1;0;1;0;0;0;0.003052;4725;2205;3375;0;0;0;0;0;0;22036;53;1;0;15;15;0;30;246;22;7870.000000;132;8833.333333
6nodes9links_6_9;15;132.000000;132.000000;0.000000;0.300000;3;0;1;1;0;1;0;0;0;0.002043;4725;2205;3375;0;0;0;0;0;0;22007;53;1;0;15;15;0;30;246;22;7870.000000;132;8833.333333
6nodes9links_6_9;15;24.000000;24.000000;0.000000;0.416000;8;0;1;1;0;1;0;0;0;0.002874;4726;2220;3375;0;0;0;0;0;0;21985;53;1;0;15;15;0;24;162;22;7870.000000;132;8833.333333
6nodes9links_6_9;15;24.000000;24.000000;0.000000;0.529000;8;0;1;1;0;1;0;0;0;0.002634;4726;2220;3375;0;0;0;0;0;0;21997;53;1;0;15;15;0;24;162;22;7870.000000;132;8833.333333
6nodes9links_6_9;15;732.000000;732.000000;0.000000;101.857000;3;0;1;1;0;1;0;0;0;0.020209;217455;78600;42545;0;0;0;0;0;0;22101;56;1;0;50;50;0;100;2133;122;21523.000000;732;26833.333333
6nodes9links_6_9;15;24.000000;24.000000;0.000000;0.442000;8;0;1;1;0;1;0;0;0;0.002669;4726;2220;3375;0;0;0;0;0;0;22060;53;1;0;15;15;0;24;162;22;7870.000000;132;8833.333333
6nodes9links_6_9;15;24.000000;24.000000;0.000000;0.451000;8;0;1;1;0;1;0;0;0;0.000991;4726;2220;3375;0;0;0;0;0;0;22095;53;1;0;15;15;0;24;162;22;7870.000000;132;8833.333333
6nodes9links_6_9;15;24.000000;24.000000;0.000000;0.484000;8;0;1;1;0;1;0;0;0;0.002749;4726;2220;3375;0;0;0;0;0;0;22081;53;1;0;15;15;0;24;162;22;7870.000000;132;8833.333333
6nodes9links_6_9;15;24.000000;24.000000;0.000000;0.461000;8;0;1;1;0;1;0;0;0;0.002753;4726;2220;3375;0;0;0;0;0;0;22089;53;1;0;15;15;0;24;162;22;7870.000000;132;8833.333333
6nodes9links_6_9;15;24.000000;24.000000;0.000000;0.412000;8;0;1;1;0;1;0;0;0;0.001111;4726;2220;3375;0;0;0;0;0;0;21855;53;1;0;15;15;0;24;162;22;7870.000000;132;8833.333333
6nodes9links_6_9;15;732.000000;732.000000;0.000000;109.807000;3;0;1;1;0;1;0;0;0;0.022288;217455;78600;42545;0;0;0;0;0;0;22077;56;1;0;50;50;0;100;2133;122;21523.000000;732;26833.333333
6nodes9links_6_9;15;18.000000;18.000000;0.000000;9.352000;8;3;0;0;0;1;0;0;0;0.001531;520;2475;3375;0;0;0;0;0;0;21983;53;1;0;15;15;0;18;157;25;8680.000000;150;1616.666667
6nodes9links_6_9;15;18.000000;18.000000;0.000000;5.163000;8;0;0;0;0;1;0;0;0;0.001872;4726;2190;3375;0;0;0;0;0;0;21886;53;1;0;15;15;0;18;146;23;8180.000000;138;1483.333333
6nodes9links_6_9;15;2208.000000;2208.000000;0.000000;3583.576000;3;0;1;1;0;1;0;0;0;0.146523;1673022;564672;250562;0;0;0;0;0;0;22065;12337;2;0;136;136;0;272;6953;368;64303.000000;2208;79800.000000
6nodes9links_6_9;15;24.000000;24.000000;0.000000;0.424000;8;0;1;1;0;1;0;0;0;0.002146;4726;2220;3375;0;0;0;0;0;0;21978;53;1;0;15;15;0;24;162;22;7870.000000;132;8833.333333
6nodes9links_6_9;15;24.000000;24.000000;0.000000;0.446000;8;0;1;1;0;1;0;0;0;0.001016;4726;2220;3375;0;0;0;0;0;0;21991;53;1;0;15;15;0;24;162;22;7870.000000;132;8833.333333
6nodes9links_6_9;15;24.000000;24.000000;0.000000;0.495000;8;0;1;1;0;1;0;0;0;0.003246;4726;2220;3375;0;0;0;0;0;0;21959;53;1;0;15;15;0;24;162;22;7870.000000;132;8833.333333
6nodes9links_6_9;15;24.000000;24.000000;0.000000;0.474000;8;0;1;1;0;1;0;0;0;0.001074;4726;2220;3375;0;0;0;0;0;0;22035;53;1;0;15;15;0;24;162;22;7870.000000;132;8833.333333
6nodes9links_6_9;15;24.000000;24.000000;0.000000;0.509000;8;0;1;1;0;1;0;0;0;0.001450;4726;2220;3375;0;0;0;0;0;0;21881;53;1;0;15;15;0;24;162;22;7870.000000;132;8833.333333
6nodes9links_6_9;15;24.000000;24.000000;0.000000;0.546000;8;0;1;1;0;1;0;0;0;0.002131;4726;2220;3375;0;0;0;0;0;0;21925;53;1;0;15;15;0;24;162;22;7870.000000;132;8833.333333
6nodes9links_6_9;15;24.000000;24.000000;0.000000;0.619000;8;0;1;1;0;1;0;0;0;0.001871;4726;2220;3375;0;0;0;0;0;0;21867;53;1;0;15;15;0;24;162;22;7870.000000;132;8833.333333
6nodes9links_6_9;15;24.000000;24.000000;0.000000;0.595000;8;0;1;1;0;1;0;0;0;0.002298;4726;2220;3375;0;0;0;0;0;0;21915;53;1;0;15;15;0;24;162;22;7870.000000;132;8833.333333
6nodes9links_6_9;15;732.000000;732.000000;0.000000;250.261000;3;0;1;1;0;1;0;0;0;0.052453;217455;78600;42545;0;0;0;0;0;0;22098;57;1;0;50;50;0;100;2133;122;21523.000000;732;26833.333333
6nodes9links_6_9;15;732.000000;732.000000;0.000000;262.819000;3;0;1;1;0;1;0;0;0;0.049692;217455;78600;42545;0;0;0;0;0;0;21984;57;1;0;50;50;0;100;2133;122;21523.000000;732;26833.333333
6nodes9links_6_9;15;24.000000;24.000000;0.000000;0.554000;8;0;1;1;0;1;0;0;0;0.002064;4726;2220;3375;0;109;35;74;0;28;0;0;0;0;15;15;0;24;162;22;7870.000000;132;8833.333333
6nodes9links_6_9;15;30.000000;30.000000;0.000000;2226.056000;8;0;1;1;0;1;0;0;0;0.016961;130151;48230;25850;0;2767;167;2600;0;1076;0;0;0;0;30;30;0;30;618;79;13596.000000;474;16850.000000
6nodes9links_6_9;15;24.000000;24.000000;0.000000;0.614000;8;0;1;1;0;1;0;0;0;0.003010;4726;2220;3375;0;0;0;0;0;0;21958;53;1;0;15;15;0;24;162;22;7870.000000;132;8833.333333
6nodes9links_6_9;15;24.000000;24.000000;0.000000;0.521000;8;0;1;1;0;1;0;0;0;0.002883;4726;2220;3375;0;0;0;0;0;0;21996;53;1;0;15;15;0;24;162;22;7870.000000;132;8833.333333
6nodes9links_6_9;15;24.000000;24.000000;0.000000;0.704000;8;0;1;1;0;1;0;0;0;0.003309;4726;2220;3375;0;0;0;0;0;0;21914;53;1;0;15;15;0;24;162;22;7870.000000;132;8833.333333
6nodes9links_6_9;15;24.000000;24.000000;0.000000;0.588000;8;0;1;1;0;1;0;0;0;0.004020;4726;2220;3375;0;0;0;0;0;0;22086;53;1;0;15;15;0;24;162;22;7870.000000;132;8833.333333
6nodes9links_6_9;15;24.000000;24.000000;0.000000;0.563000;8;0;1;1;0;1;0;0;0;0.001953;4726;2220;3375;0;0;0;0;0;0;21942;53;1;0;15;15;0;24;162;22;7870.000000;132;8833.333333
6nodes9links_6_9;15;24.000000;24.000000;0.000000;0.538000;8;0;1;1;0;1;0;0;0;0.002633;4726;2220;3375;0;0;0;0;0;0;22043;53;1;0;15;15;0;24;162;22;7870.000000;132;8833.333333
6nodes9links_6_9;15;732.000000;732.000000;0.000000;107.457000;3;0;1;1;0;1;0;0;0;0.022309;217455;78600;42545;0;0;0;0;0;0;22009;57;1;0;50;50;0;100;2133;122;21523.000000;732;26833.333333
6nodes9links_6_9;15;732.000000;732.000000;0.000000;108.174000;3;0;1;1;0;1;0;0;0;0.022994;217455;78600;42545;0;0;0;0;0;0;21912;57;1;0;50;50;0;100;2133;122;21523.000000;732;26833.333333
6nodes9links_6_9;15;732.000000;732.000000;0.000000;109.503000;3;0;1;1;0;1;0;0;0;0.024301;217455;78600;42545;0;0;0;0;0;0;21882;57;1;0;50;50;0;100;2133;122;21523.000000;732;26833.333333
6nodes9links_6_9;15;732.000000;732.000000;0.000000;99.887000;3;0;1;1;0;1;0;0;0;0.022486;217455;78600;42545;0;0;0;0;0;0;21994;57;1;0;50;50;0;100;2133;122;21523.000000;732;26833.333333
6nodes9links_6_9;15;732.000000;732.000000;0.000000;109.318000;3;0;1;1;0;1;0;0;0;0.025122;217455;78600;42545;0;0;0;0;0;0;21957;57;1;0;50;50;0;100;2133;122;21523.000000;732;26833.333333
6nodes9links_6_9;15;732.000000;732.000000;0.000000;110.921000;3;0;1;1;0;1;0;0;0;0.020673;217455;78600;42545;0;0;0;0;0;0;21908;57;1;0;50;50;0;100;2133;122;21523.000000;732;26833.333333
6nodes9links_6_9;15;24.000000;24.000000;0.000000;0.466000;8;0;1;1;0;1;0;0;0;0.002418;4726;2220;3375;0;0;0;0;0;0;21904;53;1;0;15;15;0;24;162;22;7870.000000;132;8833.333333
6nodes9links_6_9;15;24.000000;24.000000;0.000000;0.512000;8;0;1;1;0;1;0;0;0;0.001022;4726;2220;3375;0;0;0;0;0;0;21920;53;1;0;15;15;0;24;162;22;7870.000000;132;8833.333333
6nodes9links_6_9;15;24.000000;24.000000;0.000000;0.539000;8;0;1;1;0;1;0;0;0;0.003068;4726;2220;3375;0;0;0;0;0;0;21892;53;1;0;15;15;0;24;162;22;7870.000000;132;8833.333333
6nodes9links_6_9;15;24.000000;24.000000;0.000000;0.482000;8;0;1;1;0;1;0;0;0;0.001659;4726;2220;3375;0;0;0;0;0;0;22011;53;1;0;15;15;0;24;162;22;7870.000000;132;8833.333333
6nodes9links_6_9;15;24.000000;24.000000;0.000000;0.449000;8;0;1;1;0;1;0;0;0;0.003166;4726;2220;3375;0;0;0;0;0;0;21989;53;1;0;15;15;0;24;162;22;7870.000000;132;8833.333333
6nodes9links_6_9;15;24.000000;24.000000;0.000000;0.484000;8;0;1;1;0;1;0;0;0;0.002101;4726;2220;3375;0;0;0;0;0;0;22082;53;1;0;15;15;0;24;162;22;7870.000000;132;8833.333333
6nodes9links_6_9;15;24.000000;24.000000;0.000000;0.458000;8;0;1;1;0;1;0;0;0;0.002434;4726;2220;3375;0;0;0;0;0;0;21989;53;1;0;15;15;0;24;162;22;7870.000000;132;8833.333333
6nodes9links_6_9;15;24.000000;24.000000;0.000000;0.471000;8;0;1;1;0;1;0;0;0;0.018330;4726;2220;3375;0;0;0;0;0;0;22018;53;1;0;15;15;0;24;162;22;7870.000000;132;8833.333333
6nodes9links_6_9;15;24.000000;24.000000;0.000000;0.460000;8;0;1;1;0;1;0;0;0;0.000954;4726;2220;3375;0;0;0;0;0;0;21938;53;1;0;15;15;0;24;162;22;7870.000000;132;8833.333333
6nodes9links_6_9;15;24.000000;24.000000;0.000000;0.460000;8;0;1;1;0;1;0;0;0;0.002764;4726;2220;3375;0;0;0;0;0;0;21989;53;1;0;15;15;0;24;162;22;7870.000000;132;8833.333333
6nodes9links_6_9;15;24.000000;24.000000;0.000000;0.485000;8;0;1;1;0;1;0;0;0;0.001454;4726;2220;3375;0;0;0;0;0;0;21939;53;1;0;15;15;0;24;162;22;7870.000000;132;8833.333333
6nodes9links_6_9;15;24.000000;24.000000;0.000000;0.484000;8;0;1;1;0;1;0;0;0;0.002131;4726;2220;3375;0;0;0;0;0;0;21953;53;1;0;15;15;0;24;162;22;7870.000000;132;8833.333333
6nodes9links_6_9;15;24.000000;24.000000;0.000000;0.423000;8;0;1;1;0;1;0;0;0;0.001943;4726;2220;3375;0;0;0;0;0;0;22003;53;1;0;15;15;0;24;162;22;7870.000000;132;8833.333333
6nodes9links_6_9;15;24.000000;24.000000;0.000000;0.479000;8;0;1;1;0;1;0;0;0;0.002062;4726;2220;3375;0;0;0;0;0;0;21912;53;1;0;15;15;0;24;162;22;7870.000000;132;8833.333333
6nodes9links_6_9;15;24.000000;24.000000;0.000000;0.496000;8;0;1;1;0;1;0;0;0;0.001918;4726;2220;3375;0;0;0;0;0;0;21866;53;1;0;15;15;0;24;162;22;7870.000000;132;8833.333333
6nodes9links_6_9;15;24.000000;24.000000;0.000000;0.490000;8;0;1;1;0;1;0;0;0;0.002260;4726;2220;3375;0;0;0;0;0;0;21927;53;1;0;15;15;0;24;162;22;7870.000000;132;8833.333333
6nodes9links_6_9;15;732.000000;732.000000;0.000000;110.704000;3;0;1;1;0;1;0;0;0;0.023778;217455;78600;42545;0;0;0;0;0;0;21863;57;1;0;50;50;0;100;2133;122;21523.000000;732;26833.333333
6nodes9links_6_9;15;732.000000;732.000000;0.000000;113.487000;3;0;1;1;0;1;0;0;0;0.025373;217455;78600;42545;0;0;0;0;0;0;22086;57;1;0;50;50;0;100;2133;122;21523.000000;732;26833.333333
6nodes9links_6_9;15;24.000000;24.000000;0.000000;0.487000;8;0;1;1;0;1;0;0;0;0.002083;4726;2220;3375;0;0;0;0;0;0;21960;53;1;0;15;15;0;24;162;22;7870.000000;132;8833.333333
6nodes9links_6_9;15;24.000000;24.000000;0.000000;0.473000;8;0;1;1;0;1;0;0;0;0.001037;4726;2220;3375;0;0;0;0;0;0;22032;53;1;0;15;15;0;24;162;22;7870.000000;132;8833.333333
6nodes9links_6_9;15;24.000000;24.000000;0.000000;0.481000;8;0;1;1;0;1;0;0;0;0.000987;4726;2220;3375;0;0;0;0;0;0;21987;53;1;0;15;15;0;24;162;22;7870.000000;132;8833.333333
6nodes9links_6_9;15;24.000000;24.000000;0.000000;0.493000;8;0;1;1;0;1;0;0;0;0.001060;4726;2220;3375;0;0;0;0;0;0;21961;53;1;0;15;15;0;24;162;22;7870.000000;132;8833.333333
6nodes9links_6_9;15;24.000000;24.000000;0.000000;0.503000;8;0;1;1;0;1;0;0;0;0.001372;4726;2220;3375;0;0;0;0;0;0;21976;53;1;0;15;15;0;24;162;22;7870.000000;132;8833.333333
6nodes9links_6_9;15;24.000000;24.000000;0.000000;0.446000;8;0;1;1;0;1;0;0;0;0.002050;4726;2220;3375;0;0;0;0;0;0;22068;53;1;0;15;15;0;24;162;22;7870.000000;132;8833.333333
6nodes9links_6_9;15;24.000000;24.000000;0.000000;0.483000;8;0;1;1;0;1;0;0;0;0.002141;4726;2220;3375;0;0;0;0;0;0;21899;53;1;0;15;15;0;24;162;22;7870.000000;132;8833.333333
6nodes9links_6_9;15;24.000000;24.000000;0.000000;0.482000;8;0;1;1;0;1;0;0;0;0.003336;4726;2220;3375;0;0;0;0;0;0;21971;53;1;0;15;15;0;24;162;22;7870.000000;132;8833.333333
6nodes9links_6_9;15;24.000000;24.000000;0.000000;0.423000;8;0;1;1;0;1;0;0;0;0.001111;4726;2220;3375;0;0;0;0;0;0;22003;53;1;0;15;15;0;24;162;22;7870.000000;132;8833.333333
6nodes9links_6_9;15;24.000000;24.000000;0.000000;0.430000;8;0;1;1;0;1;0;0;0;0.002060;4726;2220;3375;0;0;0;0;0;0;21918;53;1;0;15;15;0;24;162;22;7870.000000;132;8833.333333
6nodes9links_6_9;15;24.000000;24.000000;0.000000;0.465000;8;0;1;1;0;1;0;0;0;0.002664;4726;2220;3375;0;0;0;0;0;0;21915;53;1;0;15;15;0;24;162;22;7870.000000;132;8833.333333
6nodes9links_6_9;15;24.000000;24.000000;0.000000;0.499000;8;0;1;1;0;1;0;0;0;0.001155;4726;2220;3375;0;0;0;0;0;0;21935;53;1;0;15;15;0;24;162;22;7870.000000;132;8833.333333
6nodes9links_6_9;15;24.000000;24.000000;0.000000;0.457000;8;0;1;1;0;1;0;0;0;0.002077;4726;2220;3375;0;0;0;0;0;0;21965;53;1;0;15;15;0;24;162;22;7870.000000;132;8833.333333
6nodes9links_6_9;15;24.000000;24.000000;0.000000;0.478000;8;0;1;1;0;1;0;0;0;0.002081;4726;2220;3375;0;0;0;0;0;0;21960;53;1;0;15;15;0;24;162;22;7870.000000;132;8833.333333
6nodes9links_6_9;15;24.000000;24.000000;0.000000;0.539000;8;0;1;1;0;1;0;0;0;0.003685;4726;2220;3375;0;0;0;0;0;0;21934;53;1;0;15;15;0;24;162;22;7870.000000;132;8833.333333
6nodes9links_6_9;15;24.000000;24.000000;0.000000;0.433000;8;0;1;1;0;1;0;0;0;0.001131;4726;2220;3375;0;0;0;0;0;0;21948;53;1;0;15;15;0;24;162;22;7870.000000;132;8833.333333
6nodes9links_6_9;15;24.000000;24.000000;0.000000;0.483000;8;0;1;1;0;1;0;0;0;0.001569;4726;2220;3375;0;0;0;0;0;0;22074;53;1;0;15;15;0;24;162;22;7870.000000;132;8833.333333
6nodes9links_6_9;15;24.000000;24.000000;0.000000;0.499000;8;0;1;1;0;1;0;0;0;0.002062;4726;2220;3375;0;0;0;0;0;0;21849;53;1;0;15;15;0;24;162;22;7870.000000;132;8833.333333
6nodes9links_6_9;15;24.000000;24.000000;0.000000;0.436000;8;0;1;1;0;1;0;0;0;0.002034;4726;2220;3375;0;0;0;0;0;0;22083;53;1;0;15;15;0;24;162;22;7870.000000;132;8833.333333
6nodes9links_6_9;15;24.000000;24.000000;0.000000;0.515000;8;0;1;1;0;1;0;0;0;0.001785;4726;2220;3375;0;0;0;0;0;0;21862;53;1;0;15;15;0;24;162;22;7870.000000;132;8833.333333
6nodes9links_6_9;15;24.000000;24.000000;0.000000;0.490000;8;0;1;1;0;1;0;0;0;0.002385;4726;2220;3375;0;0;0;0;0;0;21934;53;1;0;15;15;0;24;162;22;7870.000000;132;8833.333333
6nodes9links_6_9;15;24.000000;24.000000;0.000000;0.417000;8;0;1;1;0;1;0;0;0;0.002061;4726;2220;3375;0;0;0;0;0;0;22012;53;1;0;15;15;0;24;162;22;7870.000000;132;8833.333333
6nodes9links_6_9;15;24.000000;24.000000;0.000000;0.642000;8;0;1;1;0;1;0;0;0;0.001950;4726;2220;3375;0;0;0;0;0;0;22065;53;1;0;15;15;0;24;162;22;7870.000000;132;8833.333333
6nodes9links_6_9;15;732.000000;732.000000;0.000000;119.456000;3;0;1;1;0;1;0;0;0;0.018449;217455;78600;42545;0;0;0;0;0;0;22030;57;1;0;50;50;0;100;2133;122;21523.000000;732;26833.333333